id,y,x,type
0,4867238.0,558517.0,inlet
1,4867256.155298553,558512.2857749651,junction
2,4867277.701913969,558506.8928198986,junction
3,4867307.007628581,558499.4506967665,junction
4,4867330.010205758,558493.5017502694,junction
5,4867352.918223801,558487.5625801793,junction
6,4867381.6718109,558480.2982942024,junction
7,4867405.111710188,558474.2173888228,junction
8,4867428.416930132,558468.220919258,junction
9,4867451.652975668,558462.3341144149,junction
10,4867475.535166985,558455.5913098449,junction
11,4867499.111116669,558445.624438288,junction
12,4867530.556476749,558435.5993205507,junction
13,4867554.338279935,558429.481679968,junction
14,4867583.417148493,558415.3430154192,junction
15,4867602.856767638,558411.9293824615,junction
16,4867627.346804798,558405.4046628381,junction
17,4867649.578142733,558401.7514676537,junction
18,4867687.932144074,558396.9373832751,junction
19,4867720.326350311,558395.9198341394,junction
20,4867744.88018771,558395.5709587641,junction
21,4867769.483266462,558395.4452381417,junction
22,4867790.035043228,558399.3760951369,junction
23,4867802.351575357,558407.4055062493,junction
24,4867824.73924233,558414.3588719493,junction
25,4867860.88072272,558415.6850587409,junction
26,4867894.5055008875,558416.078102711,junction
27,4867918.766639369,558415.539665351,junction
28,4867942.979242166,558415.2673073771,junction
29,4867964.522256962,558417.6157216365,junction
30,4867978.303625906,558422.8051319937,junction
31,4868004.328202116,558418.8502291086,junction
32,4868026.499210334,558413.9048109015,junction
33,4868049.863963565,558409.2449762675,junction
34,4868066.053175168,558404.552126773,junction
35,4868076.70700816,558401.3059411756,junction
36,4868102.982662692,558392.0676058667,junction
37,4868122.966042479,558376.2334542554,junction
38,4868126.665079538,558374.3943003808,junction
39,4868151.261348476,558355.3952801318,junction
40,4868178.187122236,558337.5210106157,junction
41,4868189.355552218,558329.5973724646,junction
42,4868205.156465176,558319.2252264362,junction
43,4868222.510252047,558305.8284987416,junction
44,4868229.169935471,558302.7798258484,junction
45,4868249.062385768,558290.4634204063,junction
46,4868266.387874691,558280.0083062929,junction
47,4868279.290667602,558271.4852412436,junction
48,4868305.584961256,558260.6484645405,junction
49,4868313.429602279,558255.1767701906,junction
50,4868323.947104119,558252.4767042162,junction
51,4868353.55739071,558231.5022667015,junction
52,4868373.670887054,558226.7745767147,junction
53,4868406.210995314,558211.0736873494,junction
54,4868425.825363262,558201.9678357653,junction
55,4868455.41921616,558185.1310652406,junction
56,4868475.290912896,558179.6455299171,junction
57,4868505.774949047,558166.6246877923,junction
58,4868527.662710294,558156.8019384181,junction
59,4868548.763379944,558147.2856705296,junction
60,4868578.786113224,558133.6932954355,junction
61,4868590.139891082,558128.7971462943,junction
62,4868600.30108025,558124.3430812877,junction
63,4868630.130920492,558110.7466535209,junction
64,4868648.140528591,558103.3744897902,junction
65,4868651.9402904445,558101.319071791,junction
66,4868681.345163043,558088.7623599614,junction
67,4868698.475888922,558081.8490844228,junction
68,4868733.898563708,558068.883240333,junction
69,4868754.790837331,558065.0548178018,junction
70,4868777.709971095,558060.7453414697,junction
71,4868801.3952030875,558056.8094215068,junction
72,4868823.592868622,558054.3100905009,junction
73,4868871.245770321,558050.3137930653,junction
74,4868896.111729962,558048.2227242257,junction
75,4868920.564708707,558047.560499645,junction
76,4868943.530310509,558045.6991560812,junction
77,4868966.457501536,558040.0915205638,junction
78,4868979.638556864,558036.6550711028,junction
79,4869001.22612543,558031.1574330267,junction
80,4869024.211302827,558027.8299754085,junction
81,4869070.457641309,558023.79412927,junction
82,4869093.078769732,558021.3109074318,junction
83,4869109.836780031,558016.7660378378,junction
84,4869128.288674087,558009.9875527846,junction
85,4869140.081507837,558006.3204796581,junction
86,4869150.192074672,558001.7255949568,junction
87,4869180.666163642,557992.4655597196,junction
88,4869204.34280593,557983.2399320521,junction
89,4869213.6637224965,557980.0821704707,junction
90,4869234.374100764,557964.7780886628,junction
91,4869251.765729332,557954.5508143494,junction
92,4869282.5130233355,557938.0188509149,junction
93,4869298.505827483,557927.776922764,junction
94,4869325.771913288,557910.1961756536,junction
95,4869329.92926879,557906.4964620422,junction
96,4869350.5889302,557889.026999034,junction
97,4869353.118680293,557881.1435791121,junction
98,4869378.697866121,557861.3726911941,junction
99,4869388.4843879305,557854.1631773226,junction
100,4869404.6415205365,557841.3475113052,junction
101,4869416.68493776,557831.0972320137,junction
102,4869432.576032447,557819.6836653114,junction
103,4869451.034102179,557804.7010138945,junction
104,4869474.369822422,557778.6472437347,junction
105,4869510.924129015,557743.915494163,junction
106,4869535.883103497,557718.8926619843,junction
107,4869553.0,557689.0,outfall
108,4868619.0,558295.0,inlet
109,4868638.905763398,558285.7684661914,junction
110,4868651.155447776,558280.0828202581,junction
111,4868680.590611891,558265.8522220477,junction
112,4868700.489084421,558256.1652151274,junction
113,4868730.44485633,558240.7432131981,junction
114,4868750.293460936,558230.6743840079,junction
115,4868777.877442608,558215.9539355139,junction
116,4868799.312736086,558204.3875452253,junction
117,4868829.39154881,558187.9612557893,junction
118,4868845.088076866,558179.0860186658,junction
119,4868849.192543221,558176.8882645498,junction
120,4868878.286754094,558160.6199926635,junction
121,4868886.117036318,558155.5978726983,junction
122,4868906.010408542,558145.731663837,junction
123,4868925.691058919,558135.3098329894,junction
124,4868940.088429985,558127.8737276038,junction
125,4868950.078060043,558122.5602334695,junction
126,4868978.237404208,558110.660160405,junction
127,4868991.704930235,558103.0044825997,junction
128,4869003.048533811,558096.8826424428,junction
129,4869030.980173963,558085.5666361852,junction
130,4869036.872681529,558080.6091714136,junction
131,4869048.627608008,558072.8526157411,junction
132,4869084.5830212645,558053.2527016363,junction
133,4869099.020993912,558047.6118883183,junction
134,4869130.582103879,558034.381399577,junction
135,4869149.789104999,558024.5644770495,junction
136,4869179.694969361,558007.321216952,junction
137,4869255.662384297,557959.6706936364,junction
138,4867843.0,558333.0,inlet
139,4867854.903816064,558332.1929380798,junction
140,4867876.7682083035,558330.7377836251,junction
141,4867899.18196804,558326.8584232301,junction
142,4867944.907147093,558321.2542035035,junction
143,4867961.358351391,558316.6970294991,junction
144,4867979.073222695,558311.4462101827,junction
145,4868007.356356812,558303.4781629738,junction
146,4868030.449626032,558296.852462375,junction
147,4868053.384580914,558290.3384173731,junction
148,4868076.737263013,558283.7126100524,junction
149,4868086.006200222,558281.4299909162,junction
150,4868099.487231082,558277.477411444,junction
151,4868130.664477254,558268.674395161,junction
152,4868150.188747777,558263.7585759865,junction
153,4868175.67419638,558257.023785654,junction
154,4868187.917030804,558255.3505282407,junction
155,4868203.13210968,558249.7413311783,junction
156,4868230.210604875,558243.788619604,junction
157,4868253.184990592,558239.6445396256,junction
158,4868287.065150525,558235.4737384199,junction
159,4868302.216490163,558230.4229188027,junction
160,4868336.015306629,558226.0382017401,junction
161,4868401.229825581,558204.1470456293,junction
162,4868451.74737923,558178.977764772,junction
163,4868520.949903437,558153.2718585582,junction
164,4868692.497244845,558081.6766888532,junction
165,4868790.578673187,558056.5260717354,junction
166,4868084.0,560458.0,inlet
167,4868089.365624705,560449.8046826918,junction
168,4868086.335850127,560428.5652881681,junction
169,4868092.436583119,560405.3264134073,junction
170,4868096.587680415,560381.1154789912,junction
171,4868099.141787088,560377.0785264166,junction
172,4868105.342162735,560348.1823592319,junction
173,4868111.241573309,560329.8566158828,junction
174,4868124.773731087,560317.8891226943,junction
175,4868131.680253014,560303.9573691236,junction
176,4868145.64762278,560269.5282520534,junction
177,4868157.606059615,560262.3223894312,junction
178,4868161.482866292,560249.9338079717,junction
179,4868172.949823587,560227.6528365071,junction
180,4868174.940173427,560209.5357635161,junction
181,4868176.571446847,560202.0745430945,junction
182,4868191.785775222,560174.0695470938,junction
183,4868199.946682214,560155.8984083306,junction
184,4868206.995002838,560117.7607466183,junction
185,4868207.104281798,560101.1424209903,junction
186,4868226.4036747245,560081.4276165545,junction
187,4868253.555356186,560064.2101674981,junction
188,4868270.571981982,560055.0208253753,junction
189,4868279.659138168,560049.9774146983,junction
190,4868300.771662085,560038.3487620448,junction
191,4868318.061018999,560027.8973039334,junction
192,4868326.101109233,560022.8732757063,junction
193,4868355.624756059,560007.0215597845,junction
194,4868359.179653989,560003.8230538025,junction
195,4868374.149259226,559996.2342665738,junction
196,4868399.447513911,559986.2362805615,junction
197,4868419.430007249,559979.0119644098,junction
198,4868428.08114582,559976.1403761574,junction
199,4868453.526097476,559966.7672801988,junction
200,4868471.079838716,559956.5644036038,junction
201,4868475.94712578,559953.6069211946,junction
202,4868500.266193588,559938.3138610892,junction
203,4868511.01319615,559931.8467261149,junction
204,4868526.526914313,559922.5411659266,junction
205,4868550.858591314,559908.1414326064,junction
206,4868556.154069546,559905.0003900756,junction
207,4868581.559727944,559893.4792824512,junction
208,4868602.21092723,559884.2397714998,junction
209,4868613.256678312,559879.4557263643,junction
210,4868623.566541509,559874.5673913629,junction
211,4868653.788241201,559860.7645832887,junction
212,4868665.266173922,559855.9011559543,junction
213,4868674.739864297,559850.9635867411,junction
214,4868702.113157099,559837.1869310868,junction
215,4868716.493731447,559831.7866271232,junction
216,4868732.3404540755,559817.7381415557,junction
217,4868735.862140072,559805.397390697,junction
218,4868768.454838069,559792.4553048995,junction
219,4868790.801525121,559789.9137739243,junction
220,4868808.010757781,559779.862786241,junction
221,4868826.4943023315,559759.1521008871,junction
222,4868830.637701841,559752.2953120637,junction
223,4868848.729451107,559725.366386999,junction
224,4868861.018205332,559693.8363285224,junction
225,4868864.395916742,559664.2517418452,junction
226,4868865.172192665,559640.5766373374,junction
227,4868870.251988422,559621.2848394845,junction
228,4868881.774116276,559613.2318587059,junction
229,4868899.027888406,559601.0588333502,junction
230,4868927.503032215,559583.5727985526,junction
231,4868944.711528089,559580.0038696884,junction
232,4868953.014289915,559578.1114316004,junction
233,4868975.577124145,559575.6201902449,junction
234,4869021.567084306,559572.5919900432,junction
235,4869045.471079806,559570.8417716402,junction
236,4869062.044100567,559546.1516220192,junction
237,4869063.23175514,559513.7138976569,junction
238,4869064.015432614,559489.4691576347,junction
239,4869067.544612331,559467.9983373524,junction
240,4869078.020402286,559457.0033070253,junction
241,4869090.015010337,559448.1990230688,junction
242,4869107.318301921,559432.6963586033,junction
243,4869127.294962895,559428.0778718122,junction
244,4869160.730863559,559410.8092760149,junction
245,4869160.853744178,559385.970825602,junction
246,4869160.88072272,559369.40655525,junction
247,4869176.664903475,559354.9751847619,junction
248,4869182.646774005,559331.6342263618,junction
249,4869185.913565596,559286.0139083859,junction
250,4869185.923048581,559261.045004676,junction
251,4869202.5500257965,559232.5505130285,junction
252,4869207.849829804,559215.0956560062,junction
253,4869209.754818937,559192.8097712061,junction
254,4869210.430287476,559168.7719767437,junction
255,4869210.690116257,559144.1338000658,junction
256,4869210.813360463,559119.3128839737,junction
257,4869221.647884291,559101.5699187435,junction
258,4869229.888514196,559088.4438351662,junction
259,4869230.649735044,559068.154004716,junction
260,4869243.237994198,559048.562822918,junction
261,4869249.493615656,559027.1139606788,junction
262,4869256.632487653,558992.2289191054,junction
263,4869261.549724488,558976.756201188,junction
264,4869267.752526122,558943.218967306,junction
265,4869272.802200229,558927.9489017692,junction
266,4869274.413008933,558915.6095737488,junction
267,4869277.217106324,558904.9998361572,junction
268,4869285.88072272,558869.40655525,junction
269,4869285.88072272,558844.40655525,junction
270,4869300.999988066,558830.600395593,junction
271,4869326.662090265,558803.8542058322,junction
272,4869354.921851072,558773.7471553686,junction
273,4869369.945713216,558753.7073425747,junction
274,4869376.501047096,558738.7516566891,junction
275,4869385.445044644,558727.3397640812,junction
276,4869399.868909541,558715.5004909761,junction
277,4869412.635774139,558702.309900302,junction
278,4869427.243634577,558690.6550889031,junction
279,4869438.214192082,558678.7159837793,junction
280,4869452.127030769,558665.273353757,junction
281,4869461.026716244,558655.3302146595,junction
282,4869477.753908577,558637.747391722,junction
283,4869490.140700753,558620.5876428919,junction
284,4869500.74682617,558593.7669635522,junction
285,4869502.75595513,558574.1311888014,junction
286,4869504.6558177145,558552.2471316208,junction
287,4869505.685033883,558529.8104838734,junction
288,4869506.343562701,558506.3156694383,junction
289,4869506.977924096,558458.2766119562,junction
290,4869507.070210781,558433.8732081257,junction
291,4869507.18121141,558409.3141169084,junction
292,4869507.250605998,558384.7555227389,junction
293,4869507.338163586,558360.1454275493,junction
294,4869507.440441977,558335.5173777249,junction
295,4869508.939909816,558312.0879311442,junction
296,4869511.634371181,558292.7986490538,junction
297,4869509.003683391,558261.7417518386,junction
298,4869507.601913769,558243.1603926391,junction
299,4869505.678728758,558218.3103840272,junction
300,4869504.013779091,558198.8973338702,junction
301,4869502.242582448,558169.3804289975,junction
302,4869500.545591404,558144.3870117812,junction
303,4869498.934351104,558119.3922052134,junction
304,4869497.410198174,558094.3962398691,junction
305,4869496.076289669,558078.8722572695,junction
306,4869494.728989652,558044.3840079763,junction
307,4869493.462454538,558019.3905865828,junction
308,4869492.288646526,557994.3956266735,junction
309,4869490.793334063,557960.2442381979,junction
310,4869489.748901937,557934.9422687226,junction
311,4869488.926698035,557910.2145884661,junction
312,4869488.232860451,557885.450048153,junction
313,4869487.550442618,557860.301519438,junction
314,4869487.122101405,557835.5146375562,junction
315,4869486.901845967,557810.772850305,junction
316,4869122.0,558028.0,inlet
317,4868606.0,558265.0,inlet
318,4868625.484888076,558254.2678445277,junction
319,4868652.464555991,558239.371826394,junction
320,4868671.795482526,558228.7697664213,junction
321,4868679.776261536,558224.5785050924,junction
322,4868701.07225868,558213.263580817,junction
323,4868718.996917926,558203.4106249841,junction
324,4868724.865316612,558200.0272127249,junction
325,4868750.532087559,558186.578503963,junction
326,4868759.375466688,558181.6076867254,junction
327,4868779.41882665,558170.870846788,junction
328,4868800.103680594,558159.8747594545,junction
329,4868807.774721304,558156.5177180502,junction
330,4868827.349945267,558146.8692051718,junction
331,4868851.103513377,558135.3755493228,junction
332,4868862.987227552,558130.006194146,junction
333,4868875.752113912,558124.0692197224,junction
334,4868903.981987119,558111.265600576,junction
335,4868918.729134569,558106.411778506,junction
336,4868924.81719157,558104.321649175,junction
337,4868950.936935049,558098.2584795912,junction
338,4868990.936539566,558080.5235748015,junction
339,4869003.852067044,558076.5754863094,junction
340,4869053.2815772565,558055.7456423175,junction
341,4868669.0,558011.0,inlet
342,4868677.668191049,558011.8666696385,junction
343,4868708.456868514,558015.0069423957,junction
344,4868737.233730754,558022.2744846237,junction
345,4868750.016737958,558023.750754809,junction
346,4868786.829471057,558024.7689029298,junction
347,4868811.446432248,558026.0699227763,junction
348,4868824.588555311,558028.649145164,junction
349,4868860.20175227,558028.5992073709,junction
350,4868894.225473866,558028.0116328774,junction
351,4868917.288819462,558027.3780543838,junction
352,4868938.603767318,558025.394516929,junction
353,4868956.6847272925,558021.467514655,junction
354,4868974.587902977,558016.6085140749,junction
355,4869032.575394897,558006.5016825225,junction
356,4869057.9973986,558002.939403344,junction
357,4869081.339558461,558000.776509893,junction
358,4869101.21865797,557995.0401690427,junction
359,4869140.033634785,557981.312570922,junction
360,4869155.957921209,557978.0531925925,junction
361,4869175.256356755,557971.225309843,junction
362,4869215.556516884,557952.9944846218,junction
363,4869227.636772069,557946.9900429479,junction
364,4869264.248798782,557929.3804405739,junction
365,4869275.595969897,557922.6790176977,junction
366,4869310.134064384,557902.146809901,junction
367,4869345.551300332,557878.0440462341,junction
368,4869440.89646544,557804.9103723478,junction
369,4868051.0,560322.0,inlet
370,4868058.180242875,560298.2932238844,junction
371,4868069.530458177,560276.6993010582,junction
372,4868076.330294859,560267.4319372249,junction
373,4868084.661620097,560253.4871673861,junction
374,4868090.564428147,560215.6251205772,junction
375,4868102.39416809,560207.2991745874,junction
376,4868107.708481771,560189.9398967844,junction
377,4868110.262372904,560159.465594565,junction
378,4868110.660100619,560135.4403666048,junction
379,4868115.153451375,560115.1988691703,junction
380,4868126.016955659,560092.422743458,junction
381,4868132.130870827,560058.6114955941,junction
382,4868132.429245942,560033.8124375573,junction
383,4868128.297116459,560016.3211056787,junction
384,4868114.23073331,560001.564801874,junction
385,4868111.283940877,559959.7602389872,junction
386,4868106.5159669025,559940.1691656298,junction
387,4868095.178602396,559917.6270988936,junction
388,4868089.78400757,559906.3745663015,junction
389,4868087.949788622,559859.8143936396,junction
390,4868086.50095406,559836.81825999,junction
391,4868083.881311219,559817.6923213389,junction
392,4868084.032868178,559794.368800133,junction
393,4868084.375277613,559759.9235300542,junction
394,4868084.571288208,559735.074707078,junction
395,4868084.753355517,559710.2158013331,junction
396,4868084.921660632,559685.3468200334,junction
397,4868085.076402356,559660.4677636717,junction
398,4868085.217809424,559635.578602472,junction
399,4868085.308765534,559610.6912748474,junction
400,4868085.474891616,559585.3837838306,junction
401,4868085.579894596,559560.5673563028,junction
402,4868085.672126446,559535.7266642762,junction
403,4868085.750811154,559510.8596660274,junction
404,4868085.824001799,559485.9475316568,junction
405,4868085.88072272,559444.40655525,junction
406,4868085.88072272,559419.40655525,junction
407,4868085.88072272,559394.40655525,junction
408,4868085.88072272,559369.40655525,junction
409,4868092.988222857,559349.144888675,junction
410,4868099.242129389,559328.3141596961,junction
411,4868104.565747972,559306.8632387511,junction
412,4868112.679119421,559262.3788639951,junction
413,4868120.369407008,559241.1706030348,junction
414,4868125.407856369,559222.9410343242,junction
415,4868146.116563835,559201.2304493268,junction
416,4868160.88072272,559194.40655525,junction
417,4868160.88072272,559169.40655525,junction
418,4868160.88072272,559144.40655525,junction
419,4868160.88072272,559119.40655525,junction
420,4868160.88072272,559094.40655525,junction
421,4868160.88072272,559069.40655525,junction
422,4868172.891506998,559052.4137447686,junction
423,4868184.678158193,559042.7238615855,junction
424,4868185.153803965,559010.5886094135,junction
425,4868185.391579206,558985.7471262404,junction
426,4868185.425663114,558960.7698488459,junction
427,4868177.535614292,558924.9699608688,junction
428,4868176.213487971,558900.8513784162,junction
429,4868184.555829409,558867.5347983988,junction
430,4868185.367749642,558843.662415939,junction
431,4868185.7593796095,558819.2345715263,junction
432,4868198.865769766,558807.377474097,junction
433,4868201.164727619,558792.6413922523,junction
434,4868209.499251225,558781.2179372236,junction
435,4868222.076864565,558751.2475198585,junction
436,4868230.728000315,558736.8972029599,junction
437,4868234.7229927145,558717.7000319931,junction
438,4868243.210856039,558692.2599492171,junction
439,4868259.1060868325,558680.3033806355,junction
440,4868264.533802483,558639.3210284667,junction
441,4868275.0236276565,558628.7886002915,junction
442,4868299.510771642,558601.703939887,junction
443,4868325.688906019,558585.3764500419,junction
444,4868333.460988374,558580.1656317307,junction
445,4868350.608504182,558574.8207217717,junction
446,4868379.253195312,558561.8565641452,junction
447,4868391.676840828,558556.13423677,junction
448,4868400.684822743,558552.1265980299,junction
449,4868432.627407902,558536.9127861321,junction
450,4868452.004509838,558528.4216695027,junction
451,4868481.416752007,558514.9012048896,junction
452,4868498.601812538,558508.0469829625,junction
453,4868503.710542481,558504.632996135,junction
454,4868523.750034668,558496.9239015259,junction
455,4868555.571539961,558484.8671116565,junction
456,4868576.662508557,558479.1475627392,junction
457,4868614.406563881,558472.8054675322,junction
458,4868644.687667556,558469.6079917365,junction
459,4868669.388112218,558469.4463204233,junction
460,4868685.88072272,558469.40655525,junction
461,4868698.330738041,558453.1879911992,junction
462,4868715.839912533,558447.9214678567,junction
463,4868737.889450589,558445.7889249244,junction
464,4868780.773414439,558437.2528700959,junction
465,4868785.459579464,558411.6666331963,junction
466,4868793.04700025,558398.9503124276,junction
467,4868804.058859737,558381.0355406515,junction
468,4868826.397923721,558354.0035765038,junction
469,4868850.591805399,558327.840743983,junction
470,4868871.988006689,558305.4086577368,junction
471,4868874.684159386,558301.3327064471,junction
472,4868895.778796384,558274.2325522318,junction
473,4868899.756213669,558268.9842787265,junction
474,4868911.558022406,558254.419276678,junction
475,4868928.967630805,558235.1297350378,junction
476,4868933.313398736,558229.965535067,junction
477,4868952.5861897515,558208.9318273565,junction
478,4868956.282973931,558204.9640867306,junction
479,4868973.773543397,558186.0870624512,junction
480,4868978.97952575,558181.59241359,junction
481,4869003.693232533,558156.8622522233,junction
482,4869026.689159833,558134.2425379275,junction
483,4869036.079865836,558127.1338637464,junction
484,4869052.225079607,558116.2759186561,junction
485,4869061.3766634585,558104.8146908988,junction
486,4869078.241803241,558094.3309141407,junction
487,4869101.808519279,558075.3957841839,junction
488,4869128.838819546,558061.4613792779,junction
489,4869150.010515779,558046.8691940714,junction
490,4869230.2490323195,557983.475984486,junction
491,4869302.675354989,557934.5466343501,junction
492,4868553.0,557821.0,inlet
493,4868591.220418051,557816.0103041191,junction
494,4868607.567778094,557806.7638285059,junction
495,4868632.272400106,557801.7345460106,junction
496,4868655.603117414,557795.3269231945,junction
497,4868678.670343735,557789.5137986641,junction
498,4868699.115702267,557784.1686602084,junction
499,4868716.049074408,557780.5437187842,junction
500,4868724.350412084,557777.9896311414,junction
501,4868753.177695162,557770.6798844544,junction
502,4868779.005200119,557764.331187299,junction
503,4868801.714190903,557759.063144956,junction
504,4868826.861262882,557755.4886449637,junction
505,4868849.908486598,557749.6951415591,junction
506,4868893.029146956,557745.6322373307,junction
507,4868905.89990064,557741.3374493419,junction
508,4868935.910672932,557739.0327921737,junction
509,4868960.902928542,557736.8073595592,junction
510,4868985.897144807,557734.6905821098,junction
511,4869001.56166736,557732.6779927132,junction
512,4869014.623267057,557731.8849193577,junction
513,4869025.587617235,557730.7933530782,junction
514,4869049.62914288,557728.9517255874,junction
515,4869085.924238724,557727.304017573,junction
516,4869120.239456065,557725.054480272,junction
517,4869145.079928,557723.7885426987,junction
518,4869169.794227238,557722.4388252669,junction
519,4869194.6392029915,557721.2651772702,junction
520,4869217.49583993,557718.9416057981,junction
521,4869235.959863278,557714.9600518484,junction
522,4869260.892087574,557714.4356187925,junction
523,4869285.8903324185,557713.9048784216,junction
524,4869310.88072272,557713.3588701065,junction
525,4869335.913690395,557712.8028600957,junction
526,4869360.913690395,557712.3312942501,junction
527,4869385.936758066,557711.8642321388,junction
528,4869410.931553585,557711.8170813905,junction
529,4869430.23540011,557711.4918715582,junction
530,4869460.80437841,557711.1102766751,junction
531,4869485.896466964,557710.5656709033,junction
532,4869510.917779571,557709.5702335513,junction
533,4869542.491971155,557698.8140542064,junction
534,4867954.0,559940.0,inlet
535,4867954.753402166,559929.8591789759,junction
536,4867951.049146446,559901.0726882854,junction
537,4867946.031339272,559870.9317949346,junction
538,4867942.727529405,559855.9128187591,junction
539,4867937.536482464,559823.0062464928,junction
540,4867933.038858038,559793.5288530409,junction
541,4867931.208783592,559774.2765857535,junction
542,4867931.44727975,559743.9749220469,junction
543,4867931.173117753,559723.4082249679,junction
544,4867932.572568039,559694.0365209308,junction
545,4867941.9858024195,559666.3167484016,junction
546,4867953.700007087,559642.7181472818,junction
547,4867964.155615624,559621.845020069,junction
548,4867972.470509954,559601.7940270449,junction
549,4867974.923010178,559591.0327724428,junction
550,4867980.426196955,559579.9678536737,junction
551,4867985.075771035,559534.8282335829,junction
552,4867985.699248061,559510.4890282513,junction
553,4867985.81849677,559485.8900128608,junction
554,4867985.852856825,559461.003872055,junction
555,4867990.120055624,559440.2939775574,junction
556,4868007.576156226,559424.5806545642,junction
557,4868028.770914248,559411.7925056999,junction
558,4868037.116809018,559406.4785670377,junction
559,4868055.17607342,559394.6075331905,junction
560,4868071.302526127,559380.5729665094,junction
561,4868096.436025671,559325.0845668133,junction
562,4867270.0,558851.0,inlet
563,4867275.703288905,558848.2172819304,junction
564,4867300.220421873,558836.844088047,junction
565,4867311.23278988,558830.3956689845,junction
566,4867324.305271861,558827.9153478469,junction
567,4867357.244240978,558811.0299580023,junction
568,4867370.284570879,558803.1497185368,junction
569,4867375.013359359,558799.8477591951,junction
570,4867399.286412841,558784.9751310482,junction
571,4867404.1236178875,558781.6252676066,junction
572,4867428.294889975,558766.6262103121,junction
573,4867446.302633798,558755.2133384263,junction
574,4867451.480476012,558751.3373786212,junction
575,4867477.445996171,558735.5643769398,junction
576,4867483.270185051,558731.3651894002,junction
577,4867500.873170302,558719.0349696128,junction
578,4867513.098778883,558704.6467355757,junction
579,4867525.893430614,558691.8539561259,junction
580,4867543.167230721,558680.2299792451,junction
581,4867550.450027463,558675.1287168851,junction
582,4867574.439809273,558657.7099057166,junction
583,4867579.5772126755,558653.9948328944,junction
584,4867599.085690933,558643.3373363112,junction
585,4867613.813440895,558631.4519866208,junction
586,4867624.870908961,558623.0688765226,junction
587,4867653.070638301,558609.4601579402,junction
588,4867657.983132103,558605.0746819904,junction
589,4867680.381494673,558599.356692641,junction
590,4867701.247141929,558587.6127653209,junction
591,4867712.203313891,558580.2816299011,junction
592,4867726.677591399,558572.1701362934,junction
593,4867754.4355441835,558556.8777341167,junction
594,4867776.548665362,558546.1799030453,junction
595,4867802.707363151,558533.1515193917,junction
596,4867812.614645753,558530.7367364803,junction
597,4867830.598356552,558522.51421029,junction
598,4867852.086182674,558505.1051738012,junction
599,4867877.463730964,558492.4794823988,junction
600,4867897.898296259,558478.6604896608,junction
601,4867907.167079839,558476.7161406929,junction
602,4867933.816713979,558472.3223750156,junction
603,4867962.069401209,558468.3708444503,junction
604,4867975.322300046,558467.3216305713,junction
605,4868007.05706796,558468.9094456633,junction
606,4868027.795445779,558465.5320607309,junction
607,4868050.00005124,558461.4780790491,junction
608,4868074.424069381,558456.485506334,junction
609,4868106.8407698525,558443.3596235543,junction
610,4868123.724063556,558439.5977668944,junction
611,4868135.18191564,558431.8741636251,junction
612,4868152.224117096,558420.2334309983,junction
613,4868173.494004427,558405.254382341,junction
614,4868198.850641322,558388.974487917,junction
615,4868211.467796431,558380.4433716497,junction
616,4868224.180811898,558372.4904835412,junction
617,4868252.279759569,558355.0866283079,junction
618,4868281.2552357325,558336.4848373883,junction
619,4868297.892854404,558327.1516165002,junction
620,4868303.484448739,558323.4265134935,junction
621,4868328.509050932,558312.8021788768,junction
622,4868346.443173014,558304.0224068594,junction
623,4868349.378298641,558302.3174595211,junction
624,4868375.372043348,558284.6043919508,junction
625,4868394.984121399,558279.0240727923,junction
626,4868405.844509548,558274.7505458057,junction
627,4868427.034021607,558264.3159722186,junction
628,4868446.39755996,558255.6947629581,junction
629,4868457.0535672,558250.7370440003,junction
630,4868475.825228988,558240.6379719548,junction
631,4868504.581543168,558231.6986249605,junction
632,4868527.105548153,558223.0571797093,junction
633,4868550.512436445,558216.2163530497,junction
634,4868576.528962405,558204.9830921064,junction
635,4868599.464090263,558195.6072729746,junction
636,4868625.001615535,558186.7688924625,junction
637,4868637.162419878,558177.6154825431,junction
638,4868649.917304837,558169.925115554,junction
639,4868679.602405674,558152.5990305507,junction
640,4868702.925897124,558139.7287517338,junction
641,4868725.111980273,558128.3698039467,junction
642,4868750.554902803,558115.3356401133,junction
643,4868779.00080403,558105.9041617298,junction
644,4868800.96021504,558097.615729361,junction
645,4868836.737363471,558087.8147409407,junction
646,4868858.988911956,558082.5356552901,junction
647,4868867.273455064,558080.4751539627,junction
648,4868880.501434042,558078.3752354392,junction
649,4868910.1508937655,558073.067675096,junction
650,4868932.380102134,558070.0621480354,junction
651,4868953.108715405,558066.54656295,junction
652,4869007.933626008,558046.9396945336,junction
653,4869029.628102434,558041.6312221108,junction
654,4867488.0,558139.0,inlet
655,4867498.606902425,558139.4782433836,junction
656,4867529.390710279,558134.9196325581,junction
657,4867558.41039866,558128.2193596628,junction
658,4867579.5711532375,558117.2214472301,junction
659,4867602.487039972,558111.02323172,junction
660,4867623.638438263,558107.2911623127,junction
661,4867646.289849926,558104.8325584419,junction
662,4867661.702687857,558104.9924670669,junction
663,4867686.510726974,558102.8574312609,junction
664,4867698.91417522,558101.1453376693,junction
665,4867733.545174774,558095.6170821473,junction
666,4867756.9020324405,558087.9215323593,junction
667,4867775.97357556,558075.517732442,junction
668,4867820.333722778,558069.9981759904,junction
669,4867844.730276602,558069.6200414025,junction
670,4867869.47780373,558069.527978825,junction
671,4867910.88072272,558069.40655525,junction
672,4867935.88072272,558069.40655525,junction
673,4867960.88072272,558069.40655525,junction
674,4867985.88072272,558069.40655525,junction
675,4868010.88072272,558044.40655525,junction
676,4868035.88072272,558044.40655525,junction
677,4868060.88072272,558044.40655525,junction
678,4868083.954488911,558041.6464804768,junction
679,4868117.785378844,558040.0784815048,junction
680,4868142.73037169,558039.1517638253,junction
681,4868167.538850926,558038.2681123837,junction
682,4868192.3302485375,558037.5215521703,junction
683,4868217.399761766,558036.6394893645,junction
684,4868242.377500709,558035.8922358153,junction
685,4868267.198191226,558035.2473969667,junction
686,4868291.959338573,558034.6546489091,junction
687,4868316.615981442,558034.09383567,junction
688,4868339.619170559,558031.913328303,junction
689,4868356.295787875,558028.3442921664,junction
690,4868376.294000821,558023.437083875,junction
691,4868398.854249601,558019.5684876186,junction
692,4868438.494235509,558017.6468984255,junction
693,4868452.253534363,558018.3878763677,junction
694,4868476.52181206,558018.9999443098,junction
695,4868500.824913255,558019.0653317568,junction
696,4868533.047130205,558019.2755538125,junction
697,4868549.499378239,558018.66599437,junction
698,4868586.220599745,558015.8266431497,junction
699,4868598.42545835,558016.239182922,junction
700,4868636.532719941,558016.6306856683,junction
701,4868995.333731026,558005.2065787609,junction
702,4869007.919456067,558003.9894972333,junction
703,4869472.515351172,557781.5555125902,junction
704,4869004.0,557989.0,inlet
705,4869024.5791736385,557977.5161099075,junction
706,4869051.861542567,557962.1627310337,junction
707,4869076.648388855,557954.1318982565,junction
708,4869100.736769709,557946.2956109026,junction
709,4869125.932798098,557941.5305941525,junction
710,4869150.534956267,557937.2245141573,junction
711,4869177.194080411,557932.0722200221,junction
712,4869186.311878157,557929.7942019642,junction
713,4869206.179668871,557923.859788653,junction
714,4869225.628176979,557916.9964395838,junction
715,4869255.984046547,557904.9212967646,junction
716,4869279.3730262555,557893.3118974043,junction
717,4869304.544440223,557881.6742044936,junction
718,4869350.201317607,557854.1418393737,junction
719,4869386.816943997,557830.4364616473,junction
720,4867231.0,558265.0,inlet
721,4867259.27606465,558256.061147277,junction
722,4867273.925669783,558250.6940213982,junction
723,4867306.129502537,558243.1920049745,junction
724,4867334.662218922,558239.5977990374,junction
725,4867358.064977036,558234.0054015043,junction
726,4867376.037562446,558230.3260051083,junction
727,4867400.299761307,558223.2096153089,junction
728,4867429.741137987,558211.0087994561,junction
729,4867441.59204268,558206.0886754254,junction
730,4867450.90484483,558201.7249574427,junction
731,4867482.811189021,558187.9606562058,junction
732,4867497.097937907,558178.6967848312,junction
733,4867506.2034999905,558173.008201424,junction
734,4867532.444180318,558164.9230186552,junction
735,4867552.740250393,558157.3609107899,junction
736,4867563.342929761,558153.8689512685,junction
737,4867586.368330876,558141.8115697779,junction
738,4867602.22809167,558136.5096858342,junction
739,4867648.579361036,558125.1873944734,junction
740,4867681.720142768,558118.8221435748,junction
741,4867702.153578521,558112.0179963149,junction
742,4867771.747357557,558076.9194736351,junction
743,4867985.88072272,558044.40655525,junction
744,4867282.0,558721.0,inlet
745,4867299.676932015,558704.2777680329,junction
746,4867324.180833816,558681.6382432538,junction
747,4867350.835850856,558659.8172904295,junction
748,4867363.773495373,558650.8649957066,junction
749,4867378.662604252,558639.5441660247,junction
750,4867399.542482367,558627.3549698099,junction
751,4867428.158653325,558609.1687202834,junction
752,4867434.432218324,558604.0618904175,junction
753,4867450.809787341,558596.9926687604,junction
754,4867477.985331347,558576.5271689742,junction
755,4867502.758451044,558560.5867091523,junction
756,4867511.596430702,558546.9490933891,junction
757,4867532.052534627,558533.1545452774,junction
758,4867535.709738492,558527.5503871993,junction
759,4867552.817922797,558516.6733507613,junction
760,4867567.053262803,558498.2711136758,junction
761,4867579.762694132,558487.2377215059,junction
762,4867587.642640362,558477.985199425,junction
763,4867605.304164926,558466.0260863294,junction
764,4867629.15489772,558454.6108628387,junction
765,4867650.604834795,558440.2978842193,junction
766,4867679.289046974,558429.6158722609,junction
767,4867702.282242779,558421.0427111642,junction
768,4867732.545090157,558416.408048353,junction
769,4867754.678889174,558414.3584114484,junction
770,4867776.995749674,558411.9433401484,junction
771,4868074.666567201,558407.0815456047,junction
772,4868149.018805365,558359.6300872171,junction
773,4868527.743973247,558156.9490238802,junction
774,4868698.524609573,558081.9327906441,junction
775,4868428.0,558315.0,inlet
776,4868445.3796899505,558303.3381431804,junction
777,4868455.638739063,558296.4290317068,junction
778,4868483.892534619,558278.069882201,junction
779,4868500.015739245,558268.1663782329,junction
780,4868523.827503602,558254.9988460947,junction
781,4868548.666963553,558241.5371114364,junction
782,4868574.072078291,558228.46029954,junction
783,4868601.623123438,558212.7381497622,junction
784,4868650.039715646,558184.9391593003,junction
785,4868677.14561394,558169.8533038915,junction
786,4868726.971545951,558142.9909429741,junction
787,4868779.297087544,558117.48477585,junction
788,4868802.93115736,558109.0567501162,junction
789,4868880.269778277,558085.3347442398,junction
790,4868093.0,559912.0,inlet
791,4868102.0,560480.0,inlet
792,4868126.129071258,560466.3514315711,junction
793,4868144.44897213,560454.8960154821,junction
794,4868153.0503673395,560449.0382137978,junction
795,4868176.628077451,560433.1605068773,junction
796,4868180.658743138,560430.2072083133,junction
797,4868198.810193884,560419.068889183,junction
798,4868225.991368552,560406.5375970011,junction
799,4868252.755604493,560391.2554212213,junction
800,4868272.790724514,560378.1146861408,junction
801,4868276.119291377,560372.5391135917,junction
802,4868301.4504622035,560355.5020878694,junction
803,4868328.298955106,560328.0924323549,junction
804,4868350.051713135,560306.8132865371,junction
805,4868371.535608717,560280.5396915587,junction
806,4868374.966086948,560277.1205949471,junction
807,4868393.270189558,560255.6919530994,junction
808,4868401.9239267465,560244.324380722,junction
809,4868412.537908366,560230.1289344185,junction
810,4868425.467305674,560215.4756504109,junction
811,4868433.509942925,560205.306571609,junction
812,4868450.7992926445,560183.1410432478,junction
813,4868455.372262806,560177.7645370739,junction
814,4868473.327146873,560155.3373754106,junction
815,4868477.20296151,560150.1600776977,junction
816,4868496.9352422,560127.4624677789,junction
817,4868499.5137110185,560124.4271261105,junction
818,4868527.81796133,560107.5875156944,junction
819,4868535.188160903,560103.1741973802,junction
820,4868555.751686901,560089.7936312465,junction
821,4868571.947026917,560080.0705027088,junction
822,4868576.149320716,560077.0884599506,junction
823,4868605.372124312,560057.7150521106,junction
824,4868612.457797484,560053.2960442314,junction
825,4868629.572984155,560040.9159964954,junction
826,4868653.505353516,560029.742742899,junction
827,4868686.988563317,560018.6159630879,junction
828,4868717.471542772,560014.0698576136,junction
829,4868737.696679812,560010.413435098,junction
830,4868751.366774099,560002.9103634326,junction
831,4868771.681642136,559979.5634540885,junction
832,4868775.106033361,559977.3787060466,junction
833,4868779.640200951,559951.7467357923,junction
834,4868781.931052095,559929.8492634881,junction
835,4868798.392825785,559903.5029024519,junction
836,4868804.40673078,559877.8833517935,junction
837,4868816.489763838,559846.3689267599,junction
838,4868820.5999921,559828.5766816121,junction
839,4868825.766404254,559821.2094512127,junction
840,4868830.294140796,559804.0931190051,junction
841,4868849.380156639,559780.6936741355,junction
842,4868862.390592739,559755.5290973757,junction
843,4868874.111304331,559735.2009391767,junction
844,4868876.825585527,559730.5482665884,junction
845,4868884.585787688,559692.9666195628,junction
846,4868887.161128109,559664.1954127138,junction
847,4868892.623126058,559646.9521479623,junction
848,4868902.769849831,559639.0396892211,junction
849,4868911.737206567,559630.7344673112,junction
850,4868927.049610506,559618.13635768,junction
851,4868951.493363174,559601.5881324305,junction
852,4868981.441252635,559591.4056232342,junction
853,4869000.8495104015,559588.6759558335,junction
854,4869050.075557129,559572.7888741451,junction
855,4868481.0,559315.0,inlet
856,4868490.787269799,559297.2044102182,junction
857,4868498.85036738,559283.7957291642,junction
858,4868501.496287368,559279.4293994874,junction
859,4868517.600954832,559253.8586467628,junction
860,4868524.622952461,559243.2711046172,junction
861,4868535.176477682,559226.9772690058,junction
862,4868552.606532535,559203.4285684865,junction
863,4868570.3855554415,559180.222005854,junction
864,4868573.731242662,559175.6438560995,junction
865,4868599.401479963,559155.0608436638,junction
866,4868628.529050902,559131.4925867255,junction
867,4868649.813585472,559106.2700022733,junction
868,4868669.357994057,559081.5558810823,junction
869,4868678.785999484,559067.4877524056,junction
870,4868685.991523952,559055.1198711168,junction
871,4868699.786929814,559039.691142942,junction
872,4868703.578863841,559031.101751096,junction
873,4868723.538614517,558999.4386353865,junction
874,4868734.1410398185,558979.1707586681,junction
875,4868750.813308687,558954.7165998816,junction
876,4868758.4726733845,558930.2327798646,junction
877,4868760.535330906,558884.9812823606,junction
878,4868764.346135175,558864.3838210419,junction
879,4868772.611668972,558845.297996538,junction
880,4868781.85276972,558840.0370422107,junction
881,4868793.846247033,558817.3059034257,junction
882,4868802.634456175,558805.0015974574,junction
883,4868819.877702999,558780.450237431,junction
884,4868828.3529133545,558768.5619366061,junction
885,4868843.2142455075,558747.0837136969,junction
886,4868854.139123132,558729.221699888,junction
887,4868875.3592866715,558701.7326305184,junction
888,4868897.224432505,558677.8216545283,junction
889,4868906.337816553,558669.600284887,junction
890,4868919.867106823,558650.0765757026,junction
891,4868926.96729389,558633.7246007519,junction
892,4868930.192756995,558627.7170906316,junction
893,4868942.152240415,558600.7306810991,junction
894,4868950.934293552,558581.0026645837,junction
895,4868969.262899096,558549.6923540874,junction
896,4868973.7819388965,558541.900681396,junction
897,4868980.398854495,558529.5927302135,junction
898,4868992.125937554,558506.8944037457,junction
899,4869002.233047434,558489.6578255149,junction
900,4869008.433589947,558479.0152947993,junction
901,4869025.081850323,558450.1143317285,junction
902,4869035.380216194,558430.3140942014,junction
903,4869050.66701458,558400.8053747691,junction
904,4869067.288428353,558371.3950361527,junction
905,4869077.963360542,558354.1755015124,junction
906,4869094.905691287,558324.2115675455,junction
907,4869099.088636291,558317.3735628644,junction
908,4869109.614452749,558300.6482076491,junction
909,4869122.66746636,558281.3393425628,junction
910,4869126.008166236,558276.1839401842,junction
911,4869142.27704494,558251.1870143433,junction
912,4869151.975214057,558237.1036972774,junction
913,4869155.6040231725,558228.8363147615,junction
914,4869173.027602692,558199.7295300694,junction
915,4869177.769505979,558192.9401615415,junction
916,4869183.100915308,558179.8613478064,junction
917,4869197.438385954,558149.0186757459,junction
918,4869202.442908963,558135.1810304933,junction
919,4869205.190724568,558126.3897501706,junction
920,4869206.546919363,558105.7011237836,junction
921,4869211.799964586,558062.3983593468,junction
922,4869218.923291019,558049.7491047378,junction
923,4869229.745468223,558031.3017929771,junction
924,4869249.071434941,558004.442055625,junction
925,4869276.96480453,557977.8676909513,junction
926,4869299.54523001,557957.5057256436,junction
927,4869350.194235192,557907.6061913876,junction
928,4869424.105162457,557832.0253648638,junction
929,4869453.188608078,557807.292382833,junction
930,4868871.0,558115.0,inlet
931,4867990.0,558345.0,inlet
932,4868015.302056919,558336.0763231105,junction
933,4868027.5670748465,558331.6741631546,junction
934,4868048.938207752,558324.122889885,junction
935,4868081.5143257,558312.5597066366,junction
936,4868100.718809745,558305.8512142481,junction
937,4868131.1392706605,558294.6500865986,junction
938,4868158.008705025,558284.985566568,junction
939,4868199.253612518,558269.635517194,junction
940,4868231.683804279,558258.3834065569,junction
941,4868843.0,558152.0,inlet
942,4868123.0,560306.0,inlet
943,4868136.213227404,560250.6860633886,junction
944,4868164.767110169,560202.1137416421,junction
945,4868173.256544186,560179.8618353105,junction
946,4868192.686207603,560148.4890061965,junction
947,4868207.818050531,560079.2351245803,junction
948,4868218.769384983,560044.8437414684,junction
949,4868229.110583332,560032.7815723903,junction
950,4868238.202587813,560029.0614826583,junction
951,4868255.458204634,560023.7781596212,junction
952,4868275.987011281,560015.8834478876,junction
953,4868306.257366204,560003.6855279551,junction
954,4868329.799759712,559993.9957368607,junction
955,4868360.925002457,559981.5282177652,junction
956,4868382.545983044,559976.2950844541,junction
957,4868446.166965906,559956.392256165,junction
958,4868543.8006282095,559906.3040888776,junction
959,4868591.130823719,559881.8999657178,junction
960,4868639.614187378,559854.9668571822,junction
961,4868687.864121986,559828.610781355,junction
962,4868716.441118642,559803.0902868388,junction
963,4868727.721697409,559779.1893569434,junction
964,4868769.27687234,559772.2122147358,junction
965,4868782.464748661,559766.0812679804,junction
966,4868793.59592123,559749.7901143543,junction
967,4868806.760363675,559738.9346057948,junction
968,4868814.804085304,559721.8454692017,junction
969,4868827.683376739,559707.3339710849,junction
970,4868833.495589881,559695.7612215864,junction
971,4868842.485295292,559668.8711387865,junction
972,4868844.068471086,559647.5131530627,junction
973,4868845.463286533,559624.6653381501,junction
974,4868850.490397737,559605.6201537445,junction
975,4868876.263183191,559587.6745346169,junction
976,4868890.015659768,559577.9219505495,junction
977,4868902.060950999,559574.5398348734,junction
978,4868977.18992167,559556.706449783,junction
979,4868999.657443321,559554.5974309894,junction
980,4869024.080652938,559552.9272116964,junction
981,4869041.340104198,559520.454467429,junction
982,4869042.32217293,559496.3623583347,junction
983,4869043.245166928,559472.5408081834,junction
984,4869047.560763688,559451.8573234946,junction
985,4869058.311944893,559441.0301126267,junction
986,4869072.873342516,559430.7226180648,junction
987,4869080.728466051,559419.0289711081,junction
988,4869100.526232577,559411.4015022505,junction
989,4869126.338301738,559406.4465400934,junction
990,4869140.11195876,559368.654512716,junction
991,4869145.516946045,559349.1675874798,junction
992,4869155.941572659,559337.9321865214,junction
993,4869157.811663541,559326.1928540735,junction
994,4869164.89635931,559293.4925516854,junction
995,4869166.955399083,559270.7428761895,junction
996,4869167.637691602,559246.4856755789,junction
997,4869172.847300404,559226.8449774855,junction
998,4869184.823276383,559218.7375795131,junction
999,4869189.458856176,559202.2941793465,junction
1000,4869194.177971522,559172.4685154476,junction
1001,4869194.738938555,559148.6760509494,junction
1002,4869196.0861919,559125.0856622835,junction
1003,4869217.174565012,559073.0656460216,junction
1004,4869238.791553797,559021.0932282597,junction
1005,4869242.956983136,559000.1099320394,junction
1006,4869269.9174201405,558900.1264664677,junction
1007,4869273.087226731,558878.5088974145,junction
1008,4869317.353404019,558803.3635429654,junction
1009,4869341.829564907,558778.3728586321,junction
1010,4868246.0,557678.0,inlet
1011,4868254.130096595,557677.6397167911,junction
1012,4868276.973117698,557682.393742832,junction
1013,4868307.344485897,557690.279347615,junction
1014,4868330.127633724,557696.512279697,junction
1015,4868352.716363664,557702.661005851,junction
1016,4868375.181256497,557708.690497193,junction
1017,4868407.313812835,557716.7199968331,junction
1018,4868430.247771394,557722.2037644295,junction
1019,4868454.852888717,557728.9474050277,junction
1020,4868477.086196452,557732.7023626872,junction
1021,4868521.769725711,557740.3745750479,junction
1022,4868545.437188794,557740.8097919275,junction
1023,4868570.080602875,557741.1106063165,junction
1024,4868594.970789536,557741.3037714218,junction
1025,4868619.89100949,557741.3360612196,junction
1026,4868643.679440783,557740.8676514274,junction
1027,4868668.005150231,557739.5587246814,junction
1028,4868692.582799039,557738.2623582404,junction
1029,4868717.180085796,557737.0157102545,junction
1030,4868735.925819146,557736.222045074,junction
1031,4868755.800188569,557735.1510543094,junction
1032,4868780.993439987,557734.2447197586,junction
1033,4868811.036401969,557734.394843735,junction
1034,4868898.892987503,557731.1210114672,junction
1035,4868926.886806973,557729.7279385906,junction
1036,4868951.051439261,557728.3957184186,junction
1037,4868975.189171886,557727.148725898,junction
1038,4869420.0,557959.0,inlet
1039,4869423.977415079,557950.8725689066,junction
1040,4869437.913344456,557919.7758044031,junction
1041,4869447.6417438565,557901.0074642268,junction
1042,4869450.704103984,557889.6043300087,junction
1043,4869455.904370999,557881.2077312416,junction
1044,4869468.797315141,557849.1155941668,junction
1045,4869481.1373923095,557805.8928298956,junction
