id,x,y,type,z,is_conduit
2,558438.350473112,4867247.079644086,junction,0.0,True
19,558438.350473112,4867347.079644086,junction,0.0,True
40,558438.350473112,4867447.079644086,junction,0.0,True
63,558338.350473112,4867547.079644086,junction,0.0,True
64,558438.350473112,4867547.079644086,junction,0.0,True
88,558338.350473112,4867647.079644086,junction,0.0,True
89,558438.350473112,4867647.079644086,junction,0.0,True
90,558538.350473112,4867647.079644086,junction,0.0,True
116,558338.350473112,4867747.079644086,junction,0.0,True
117,558438.350473112,4867747.079644086,junction,0.0,True
119,558638.350473112,4867747.079644086,junction,0.0,True
120,558738.350473112,4867747.079644086,junction,0.0,True
121,558838.350473112,4867747.079644086,junction,0.0,True
144,558338.350473112,4867847.079644086,junction,0.0,True
145,558438.350473112,4867847.079644086,junction,0.0,True
150,558938.350473112,4867847.079644086,junction,0.0,True
151,559038.350473112,4867847.079644086,junction,0.0,True
171,558238.350473112,4867947.079644086,junction,0.0,True
172,558338.350473112,4867947.079644086,junction,0.0,True
173,558438.350473112,4867947.079644086,junction,0.0,True
179,559038.350473112,4867947.079644086,junction,0.0,True
201,558238.350473112,4868047.079644086,junction,0.0,True
202,558338.350473112,4868047.079644086,junction,0.0,True
203,558438.350473112,4868047.079644086,junction,0.0,True
210,559138.350473112,4868047.079644086,junction,0.0,True
211,559238.350473112,4868047.079644086,junction,0.0,True
212,559338.350473112,4868047.079644086,junction,0.0,True
221,560238.350473112,4868047.079644086,junction,0.0,True
230,558238.350473112,4868147.079644086,junction,0.0,True
231,558338.350473112,4868147.079644086,junction,0.0,True
232,558438.350473112,4868147.079644086,junction,0.0,True
242,559438.350473112,4868147.079644086,junction,0.0,True
249,560138.350473112,4868147.079644086,junction,0.0,True
259,558238.350473112,4868247.079644086,junction,0.0,True
260,558338.350473112,4868247.079644086,junction,0.0,True
261,558438.350473112,4868247.079644086,junction,0.0,True
262,558538.350473112,4868247.079644086,junction,0.0,True
263,558638.350473112,4868247.079644086,junction,0.0,True
264,558738.350473112,4868247.079644086,junction,0.0,True
265,558838.350473112,4868247.079644086,junction,0.0,True
271,559438.350473112,4868247.079644086,junction,0.0,True
273,559638.350473112,4868247.079644086,junction,0.0,True
274,559738.350473112,4868247.079644086,junction,0.0,True
275,559838.350473112,4868247.079644086,junction,0.0,True
276,559938.350473112,4868247.079644086,junction,0.0,True
277,560038.350473112,4868247.079644086,junction,0.0,True
286,558238.350473112,4868347.079644086,junction,0.0,True
287,558338.350473112,4868347.079644086,junction,0.0,True
288,558438.350473112,4868347.079644086,junction,0.0,True
289,558538.350473112,4868347.079644086,junction,0.0,True
290,558638.350473112,4868347.079644086,junction,0.0,True
293,558938.350473112,4868347.079644086,junction,0.0,True
294,559038.350473112,4868347.079644086,junction,0.0,True
295,559138.350473112,4868347.079644086,junction,0.0,True
299,559538.350473112,4868347.079644086,junction,0.0,True
310,558138.350473112,4868447.079644086,junction,0.0,True
311,558238.350473112,4868447.079644086,junction,0.0,True
312,558338.350473112,4868447.079644086,junction,0.0,True
313,558438.350473112,4868447.079644086,junction,0.0,True
315,558638.350473112,4868447.079644086,junction,0.0,True
316,558738.350473112,4868447.079644086,junction,0.0,True
317,558838.350473112,4868447.079644086,junction,0.0,True
320,559138.350473112,4868447.079644086,junction,0.0,True
321,559238.350473112,4868447.079644086,junction,0.0,True
322,559338.350473112,4868447.079644086,junction,0.0,True
323,559438.350473112,4868447.079644086,junction,0.0,True
324,559538.350473112,4868447.079644086,junction,0.0,True
334,558138.350473112,4868547.079644086,junction,0.0,True
335,558238.350473112,4868547.079644086,junction,0.0,True
336,558338.350473112,4868547.079644086,junction,0.0,True
337,558438.350473112,4868547.079644086,junction,0.0,True
338,558538.350473112,4868547.079644086,junction,0.0,True
340,558738.350473112,4868547.079644086,junction,0.0,True
341,558838.350473112,4868547.079644086,junction,0.0,True
342,558938.350473112,4868547.079644086,junction,0.0,True
343,559038.350473112,4868547.079644086,junction,0.0,True
345,559238.350473112,4868547.079644086,junction,0.0,True
346,559338.350473112,4868547.079644086,junction,0.0,True
355,558038.350473112,4868647.079644086,junction,0.0,True
356,558138.350473112,4868647.079644086,junction,0.0,True
357,558238.350473112,4868647.079644086,junction,0.0,True
358,558338.350473112,4868647.079644086,junction,0.0,True
359,558438.350473112,4868647.079644086,junction,0.0,True
360,558538.350473112,4868647.079644086,junction,0.0,True
361,558638.350473112,4868647.079644086,junction,0.0,True
362,558738.350473112,4868647.079644086,junction,0.0,True
363,558838.350473112,4868647.079644086,junction,0.0,True
364,558938.350473112,4868647.079644086,junction,0.0,True
365,559038.350473112,4868647.079644086,junction,0.0,True
366,559138.350473112,4868647.079644086,junction,0.0,True
367,559238.350473112,4868647.079644086,junction,0.0,True
374,557938.350473112,4868747.079644086,junction,0.0,True
376,558138.350473112,4868747.079644086,junction,0.0,True
377,558238.350473112,4868747.079644086,junction,0.0,True
378,558338.350473112,4868747.079644086,junction,0.0,True
379,558438.350473112,4868747.079644086,junction,0.0,True
380,558538.350473112,4868747.079644086,junction,0.0,True
381,558638.350473112,4868747.079644086,junction,0.0,True
382,558738.350473112,4868747.079644086,junction,0.0,True
383,558838.350473112,4868747.079644086,junction,0.0,True
384,558938.350473112,4868747.079644086,junction,0.0,True
392,557938.350473112,4868847.079644086,junction,0.0,True
393,558038.350473112,4868847.079644086,junction,0.0,True
394,558138.350473112,4868847.079644086,junction,0.0,True
395,558238.350473112,4868847.079644086,junction,0.0,True
396,558338.350473112,4868847.079644086,junction,0.0,True
397,558438.350473112,4868847.079644086,junction,0.0,True
399,558638.350473112,4868847.079644086,junction,0.0,True
400,558738.350473112,4868847.079644086,junction,0.0,True
401,558838.350473112,4868847.079644086,junction,0.0,True
402,558938.350473112,4868847.079644086,junction,0.0,True
408,557938.350473112,4868947.079644086,junction,0.0,True
409,558038.350473112,4868947.079644086,junction,0.0,True
410,558138.350473112,4868947.079644086,junction,0.0,True
411,558238.350473112,4868947.079644086,junction,0.0,True
412,558338.350473112,4868947.079644086,junction,0.0,True
413,558438.350473112,4868947.079644086,junction,0.0,True
414,558538.350473112,4868947.079644086,junction,0.0,True
415,558638.350473112,4868947.079644086,junction,0.0,True
416,558738.350473112,4868947.079644086,junction,0.0,True
422,557938.350473112,4869047.079644086,junction,0.0,True
423,558038.350473112,4869047.079644086,junction,0.0,True
425,558238.350473112,4869047.079644086,junction,0.0,True
426,558338.350473112,4869047.079644086,junction,0.0,True
427,558438.350473112,4869047.079644086,junction,0.0,True
428,558538.350473112,4869047.079644086,junction,0.0,True
429,558638.350473112,4869047.079644086,junction,0.0,True
434,557938.350473112,4869147.079644086,junction,0.0,True
435,558038.350473112,4869147.079644086,junction,0.0,True
436,558138.350473112,4869147.079644086,junction,0.0,True
437,558238.350473112,4869147.079644086,junction,0.0,True
438,558338.350473112,4869147.079644086,junction,0.0,True
439,558438.350473112,4869147.079644086,junction,0.0,True
443,557938.350473112,4869247.079644086,junction,0.0,True
444,558038.350473112,4869247.079644086,junction,0.0,True
445,558138.350473112,4869247.079644086,junction,0.0,True
450,557938.350473112,4869347.079644086,junction,0.0,True
454,557838.350473112,4869447.079644086,junction,0.0,True
513,557963.350473112,4869247.079644086,junction,0.0,True
514,557988.350473112,4869247.079644086,junction,0.0,True
515,558013.350473112,4869247.079644086,junction,0.0,True
540,558855.0171397786,4868263.746310753,junction,0.0,True
541,558871.6838064453,4868280.412977419,junction,0.0,True
542,558888.350473112,4868297.079644086,junction,0.0,True
543,558905.0171397786,4868313.746310753,junction,0.0,True
544,558921.6838064453,4868330.412977419,junction,0.0,True
545,558038.350473112,4868972.079644086,junction,0.0,True
546,558038.350473112,4868997.079644086,junction,0.0,True
547,558038.350473112,4869022.079644086,junction,0.0,True
551,558238.350473112,4868572.079644086,junction,0.0,True
552,558238.350473112,4868597.079644086,junction,0.0,True
553,558238.350473112,4868622.079644086,junction,0.0,True
571,559663.350473112,4868247.079644086,junction,0.0,True
572,559688.350473112,4868247.079644086,junction,0.0,True
573,559713.350473112,4868247.079644086,junction,0.0,True
669,558338.350473112,4868472.079644086,junction,0.0,True
670,558338.350473112,4868497.079644086,junction,0.0,True
671,558338.350473112,4868522.079644086,junction,0.0,True
678,558938.350473112,4868572.079644086,junction,0.0,True
679,558938.350473112,4868597.079644086,junction,0.0,True
680,558938.350473112,4868622.079644086,junction,0.0,True
687,558138.350473112,4868872.079644086,junction,0.0,True
688,558138.350473112,4868897.079644086,junction,0.0,True
689,558138.350473112,4868922.079644086,junction,0.0,True
708,558363.350473112,4868447.079644086,junction,0.0,True
709,558388.350473112,4868447.079644086,junction,0.0,True
710,558413.350473112,4868447.079644086,junction,0.0,True
728,559263.350473112,4868547.079644086,junction,0.0,True
729,559288.350473112,4868547.079644086,junction,0.0,True
730,559313.350473112,4868547.079644086,junction,0.0,True
749,558238.350473112,4868072.079644086,junction,0.0,True
750,558238.350473112,4868097.079644086,junction,0.0,True
751,558238.350473112,4868122.079644086,junction,0.0,True
752,558363.350473112,4868947.079644086,junction,0.0,True
753,558388.350473112,4868947.079644086,junction,0.0,True
754,558413.350473112,4868947.079644086,junction,0.0,True
782,558438.350473112,4868672.079644086,junction,0.0,True
783,558438.350473112,4868697.079644086,junction,0.0,True
784,558438.350473112,4868722.079644086,junction,0.0,True
788,558738.350473112,4868872.079644086,junction,0.0,True
789,558738.350473112,4868897.079644086,junction,0.0,True
790,558738.350473112,4868922.079644086,junction,0.0,True
852,558438.350473112,4867372.079644086,junction,0.0,True
853,558438.350473112,4867397.079644086,junction,0.0,True
854,558438.350473112,4867422.079644086,junction,0.0,True
863,559521.6838064453,4868363.746310753,junction,0.0,True
864,559505.0171397786,4868380.412977419,junction,0.0,True
865,559488.350473112,4868397.079644086,junction,0.0,True
866,559471.6838064453,4868413.746310753,junction,0.0,True
867,559455.0171397786,4868430.412977419,junction,0.0,True
935,559163.350473112,4868647.079644086,junction,0.0,True
936,559188.350473112,4868647.079644086,junction,0.0,True
937,559213.350473112,4868647.079644086,junction,0.0,True
944,558663.350473112,4868847.079644086,junction,0.0,True
945,558688.350473112,4868847.079644086,junction,0.0,True
946,558713.350473112,4868847.079644086,junction,0.0,True
947,558663.350473112,4868747.079644086,junction,0.0,True
948,558688.350473112,4868747.079644086,junction,0.0,True
949,558713.350473112,4868747.079644086,junction,0.0,True
997,558463.350473112,4868347.079644086,junction,0.0,True
998,558488.350473112,4868347.079644086,junction,0.0,True
999,558513.350473112,4868347.079644086,junction,0.0,True
1063,558655.0171397786,4868363.746310753,junction,0.0,True
1064,558671.6838064453,4868380.412977419,junction,0.0,True
1065,558688.350473112,4868397.079644086,junction,0.0,True
1066,558705.0171397786,4868413.746310753,junction,0.0,True
1067,558721.6838064453,4868430.412977419,junction,0.0,True
1068,558363.350473112,4868047.079644086,junction,0.0,True
1069,558388.350473112,4868047.079644086,junction,0.0,True
1070,558413.350473112,4868047.079644086,junction,0.0,True
1092,558121.6838064453,4868863.746310753,junction,0.0,True
1093,558105.0171397786,4868880.412977419,junction,0.0,True
1094,558088.350473112,4868897.079644086,junction,0.0,True
1095,558071.6838064453,4868913.746310753,junction,0.0,True
1096,558055.0171397786,4868930.412977419,junction,0.0,True
1100,558555.0171397786,4867663.746310753,junction,0.0,True
1101,558571.6838064453,4867680.412977419,junction,0.0,True
1102,558588.350473112,4867697.079644086,junction,0.0,True
1103,558605.0171397786,4867713.746310753,junction,0.0,True
1104,558621.6838064453,4867730.412977419,junction,0.0,True
1137,558438.350473112,4867272.079644086,junction,0.0,True
1138,558438.350473112,4867297.079644086,junction,0.0,True
1139,558438.350473112,4867322.079644086,junction,0.0,True
1175,558721.6838064453,4868863.746310753,junction,0.0,True
1176,558705.0171397786,4868880.412977419,junction,0.0,True
1177,558688.350473112,4868897.079644086,junction,0.0,True
1178,558671.6838064453,4868913.746310753,junction,0.0,True
1179,558655.0171397786,4868930.412977419,junction,0.0,True
1192,558321.6838064453,4868963.746310753,junction,0.0,True
1193,558305.0171397786,4868980.412977419,junction,0.0,True
1194,558288.350473112,4868997.079644086,junction,0.0,True
1195,558271.6838064453,4869013.746310753,junction,0.0,True
1196,558255.0171397786,4869030.412977419,junction,0.0,True
1203,558021.6838064453,4869063.746310753,junction,0.0,True
1204,558005.0171397786,4869080.412977419,junction,0.0,True
1205,557988.350473112,4869097.079644086,junction,0.0,True
1206,557971.6838064453,4869113.746310753,junction,0.0,True
1207,557955.0171397786,4869130.412977419,junction,0.0,True
1208,559863.350473112,4868247.079644086,junction,0.0,True
1209,559888.350473112,4868247.079644086,junction,0.0,True
1210,559913.350473112,4868247.079644086,junction,0.0,True
1216,559963.350473112,4868247.079644086,junction,0.0,True
1217,559988.350473112,4868247.079644086,junction,0.0,True
1218,560013.350473112,4868247.079644086,junction,0.0,True
1236,558863.350473112,4868547.079644086,junction,0.0,True
1237,558888.350473112,4868547.079644086,junction,0.0,True
1238,558913.350473112,4868547.079644086,junction,0.0,True
1288,558238.350473112,4868172.079644086,junction,0.0,True
1289,558238.350473112,4868197.079644086,junction,0.0,True
1290,558238.350473112,4868222.079644086,junction,0.0,True
1311,558338.350473112,4868872.079644086,junction,0.0,True
1312,558338.350473112,4868897.079644086,junction,0.0,True
1313,558338.350473112,4868922.079644086,junction,0.0,True
1330,557938.350473112,4868972.079644086,junction,0.0,True
1331,557938.350473112,4868997.079644086,junction,0.0,True
1332,557938.350473112,4869022.079644086,junction,0.0,True
1367,558563.350473112,4868947.079644086,junction,0.0,True
1368,558588.350473112,4868947.079644086,junction,0.0,True
1369,558613.350473112,4868947.079644086,junction,0.0,True
1381,558421.6838064453,4868063.746310753,junction,0.0,True
1382,558405.0171397786,4868080.412977419,junction,0.0,True
1383,558388.350473112,4868097.079644086,junction,0.0,True
1384,558371.6838064453,4868113.746310753,junction,0.0,True
1385,558355.0171397786,4868130.412977419,junction,0.0,True
1421,559263.350473112,4868047.079644086,junction,0.0,True
1422,559288.350473112,4868047.079644086,junction,0.0,True
1423,559313.350473112,4868047.079644086,junction,0.0,True
1429,558138.350473112,4868472.079644086,junction,0.0,True
1430,558138.350473112,4868497.079644086,junction,0.0,True
1431,558138.350473112,4868522.079644086,junction,0.0,True
1452,558538.350473112,4868972.079644086,junction,0.0,True
1453,558538.350473112,4868997.079644086,junction,0.0,True
1454,558538.350473112,4869022.079644086,junction,0.0,True
1463,558238.350473112,4868472.079644086,junction,0.0,True
1464,558238.350473112,4868497.079644086,junction,0.0,True
1465,558238.350473112,4868522.079644086,junction,0.0,True
1512,558321.6838064453,4867863.746310753,junction,0.0,True
1513,558305.0171397786,4867880.412977419,junction,0.0,True
1514,558288.350473112,4867897.079644086,junction,0.0,True
1515,558271.6838064453,4867913.746310753,junction,0.0,True
1516,558255.0171397786,4867930.412977419,junction,0.0,True
1548,558438.350473112,4868272.079644086,junction,0.0,True
1549,558438.350473112,4868297.079644086,junction,0.0,True
1550,558438.350473112,4868322.079644086,junction,0.0,True
1551,558438.350473112,4868172.079644086,junction,0.0,True
1552,558438.350473112,4868197.079644086,junction,0.0,True
1553,558438.350473112,4868222.079644086,junction,0.0,True
1562,558238.350473112,4868672.079644086,junction,0.0,True
1563,558238.350473112,4868697.079644086,junction,0.0,True
1564,558238.350473112,4868722.079644086,junction,0.0,True
1565,558063.350473112,4869247.079644086,junction,0.0,True
1566,558088.350473112,4869247.079644086,junction,0.0,True
1567,558113.350473112,4869247.079644086,junction,0.0,True
1568,558838.350473112,4868472.079644086,junction,0.0,True
1569,558838.350473112,4868497.079644086,junction,0.0,True
1570,558838.350473112,4868522.079644086,junction,0.0,True
1587,558338.350473112,4868672.079644086,junction,0.0,True
1588,558338.350473112,4868697.079644086,junction,0.0,True
1589,558338.350473112,4868722.079644086,junction,0.0,True
1642,558863.350473112,4868747.079644086,junction,0.0,True
1643,558888.350473112,4868747.079644086,junction,0.0,True
1644,558913.350473112,4868747.079644086,junction,0.0,True
1731,558455.0171397786,4868463.746310753,junction,0.0,True
1732,558471.6838064453,4868480.412977419,junction,0.0,True
1733,558488.350473112,4868497.079644086,junction,0.0,True
1734,558505.0171397786,4868513.746310753,junction,0.0,True
1735,558521.6838064453,4868530.412977419,junction,0.0,True
1793,558763.350473112,4867747.079644086,junction,0.0,True
1794,558788.350473112,4867747.079644086,junction,0.0,True
1795,558813.350473112,4867747.079644086,junction,0.0,True
1831,558221.6838064453,4868363.746310753,junction,0.0,True
1832,558205.0171397786,4868380.412977419,junction,0.0,True
1833,558188.350473112,4868397.079644086,junction,0.0,True
1834,558171.6838064453,4868413.746310753,junction,0.0,True
1835,558155.0171397786,4868430.412977419,junction,0.0,True
1904,559163.350473112,4868447.079644086,junction,0.0,True
1905,559188.350473112,4868447.079644086,junction,0.0,True
1906,559213.350473112,4868447.079644086,junction,0.0,True
1922,558263.350473112,4869147.079644086,junction,0.0,True
1923,558288.350473112,4869147.079644086,junction,0.0,True
1924,558313.350473112,4869147.079644086,junction,0.0,True
1950,558521.6838064453,4868963.746310753,junction,0.0,True
1951,558505.0171397786,4868980.412977419,junction,0.0,True
1952,558488.350473112,4868997.079644086,junction,0.0,True
1953,558471.6838064453,4869013.746310753,junction,0.0,True
1954,558455.0171397786,4869030.412977419,junction,0.0,True
1975,558655.0171397786,4868463.746310753,junction,0.0,True
1976,558671.6838064453,4868480.412977419,junction,0.0,True
1977,558688.350473112,4868497.079644086,junction,0.0,True
1978,558705.0171397786,4868513.746310753,junction,0.0,True
1979,558721.6838064453,4868530.412977419,junction,0.0,True
2009,558463.350473112,4867647.079644086,junction,0.0,True
2010,558488.350473112,4867647.079644086,junction,0.0,True
2011,558513.350473112,4867647.079644086,junction,0.0,True
2052,558363.350473112,4869047.079644086,junction,0.0,True
2053,558388.350473112,4869047.079644086,junction,0.0,True
2054,558413.350473112,4869047.079644086,junction,0.0,True
2071,558438.350473112,4868372.079644086,junction,0.0,True
2072,558438.350473112,4868397.079644086,junction,0.0,True
2073,558438.350473112,4868422.079644086,junction,0.0,True
2085,558321.6838064453,4868663.746310753,junction,0.0,True
2086,558305.0171397786,4868680.412977419,junction,0.0,True
2087,558288.350473112,4868697.079644086,junction,0.0,True
2088,558271.6838064453,4868713.746310753,junction,0.0,True
2089,558255.0171397786,4868730.412977419,junction,0.0,True
2106,558621.6838064453,4868863.746310753,junction,0.0,True
2107,558605.0171397786,4868880.412977419,junction,0.0,True
2108,558588.350473112,4868897.079644086,junction,0.0,True
2109,558571.6838064453,4868913.746310753,junction,0.0,True
2110,558555.0171397786,4868930.412977419,junction,0.0,True
2111,558121.6838064453,4868963.746310753,junction,0.0,True
2112,558105.0171397786,4868980.412977419,junction,0.0,True
2113,558088.350473112,4868997.079644086,junction,0.0,True
2114,558071.6838064453,4869013.746310753,junction,0.0,True
2115,558055.0171397786,4869030.412977419,junction,0.0,True
2119,557938.350473112,4869072.079644086,junction,0.0,True
2120,557938.350473112,4869097.079644086,junction,0.0,True
2121,557938.350473112,4869122.079644086,junction,0.0,True
2132,558363.350473112,4867547.079644086,junction,0.0,True
2133,558388.350473112,4867547.079644086,junction,0.0,True
2134,558413.350473112,4867547.079644086,junction,0.0,True
2177,558438.350473112,4868472.079644086,junction,0.0,True
2178,558438.350473112,4868497.079644086,junction,0.0,True
2179,558438.350473112,4868522.079644086,junction,0.0,True
2186,558721.6838064453,4868963.746310753,junction,0.0,True
2187,558705.0171397786,4868980.412977419,junction,0.0,True
2188,558688.350473112,4868997.079644086,junction,0.0,True
2189,558671.6838064453,4869013.746310753,junction,0.0,True
2190,558655.0171397786,4869030.412977419,junction,0.0,True
2191,558121.6838064453,4868763.746310753,junction,0.0,True
2192,558105.0171397786,4868780.412977419,junction,0.0,True
2193,558088.350473112,4868797.079644086,junction,0.0,True
2194,558071.6838064453,4868813.746310753,junction,0.0,True
2195,558055.0171397786,4868830.412977419,junction,0.0,True
2234,558521.6838064453,4869063.746310753,junction,0.0,True
2235,558505.0171397786,4869080.412977419,junction,0.0,True
2236,558488.350473112,4869097.079644086,junction,0.0,True
2237,558471.6838064453,4869113.746310753,junction,0.0,True
2238,558455.0171397786,4869130.412977419,junction,0.0,True
2245,558563.350473112,4868247.079644086,junction,0.0,True
2246,558588.350473112,4868247.079644086,junction,0.0,True
2247,558613.350473112,4868247.079644086,junction,0.0,True
2274,558563.350473112,4868747.079644086,junction,0.0,True
2275,558588.350473112,4868747.079644086,junction,0.0,True
2276,558613.350473112,4868747.079644086,junction,0.0,True
2280,558338.350473112,4867972.079644086,junction,0.0,True
2281,558338.350473112,4867997.079644086,inlet,0.0,True
2282,558338.350473112,4868022.079644086,junction,0.0,True
2283,558463.350473112,4868947.079644086,junction,0.0,True
2284,558488.350473112,4868947.079644086,junction,0.0,True
2285,558513.350473112,4868947.079644086,junction,0.0,True
2336,559121.6838064453,4868463.746310753,junction,0.0,True
2337,559105.0171397786,4868480.412977419,junction,0.0,True
2338,559088.350473112,4868497.079644086,junction,0.0,True
2339,559071.6838064453,4868513.746310753,junction,0.0,True
2340,559055.0171397786,4868530.412977419,junction,0.0,True
2357,558038.350473112,4869072.079644086,junction,0.0,True
2358,558038.350473112,4869097.079644086,junction,0.0,True
2359,558038.350473112,4869122.079644086,junction,0.0,True
2403,558463.350473112,4867747.079644086,junction,0.0,True
2404,558488.350473112,4867747.079644086,junction,0.0,True
2405,558513.350473112,4867747.079644086,inlet,0.0,True
2422,558255.0171397786,4868163.746310753,junction,0.0,True
2423,558271.6838064453,4868180.412977419,junction,0.0,True
2424,558288.350473112,4868197.079644086,junction,0.0,True
2425,558305.0171397786,4868213.746310753,junction,0.0,True
2426,558321.6838064453,4868230.412977419,junction,0.0,True
2427,558963.350473112,4867847.079644086,junction,0.0,True
2428,558988.350473112,4867847.079644086,junction,0.0,True
2429,559013.350473112,4867847.079644086,junction,0.0,True
2461,558338.350473112,4868172.079644086,junction,0.0,True
2462,558338.350473112,4868197.079644086,junction,0.0,True
2463,558338.350473112,4868222.079644086,junction,0.0,True
2508,558138.350473112,4868672.079644086,junction,0.0,True
2509,558138.350473112,4868697.079644086,junction,0.0,True
2510,558138.350473112,4868722.079644086,junction,0.0,True
2554,558763.350473112,4868447.079644086,junction,0.0,True
2555,558788.350473112,4868447.079644086,junction,0.0,True
2556,558813.350473112,4868447.079644086,junction,0.0,True
2570,558438.350473112,4868072.079644086,junction,0.0,True
2571,558438.350473112,4868097.079644086,junction,0.0,True
2572,558438.350473112,4868122.079644086,junction,0.0,True
2573,558763.350473112,4868747.079644086,junction,0.0,True
2574,558788.350473112,4868747.079644086,junction,0.0,True
2575,558813.350473112,4868747.079644086,junction,0.0,True
2621,558838.350473112,4868672.079644086,junction,0.0,True
2622,558838.350473112,4868697.079644086,junction,0.0,True
2623,558838.350473112,4868722.079644086,junction,0.0,True
2624,557938.350473112,4868772.079644086,junction,0.0,True
2625,557938.350473112,4868797.079644086,junction,0.0,True
2626,557938.350473112,4868822.079644086,junction,0.0,True
2641,559363.350473112,4868447.079644086,junction,0.0,True
2642,559388.350473112,4868447.079644086,junction,0.0,True
2643,559413.350473112,4868447.079644086,junction,0.0,True
2659,558338.350473112,4867872.079644086,junction,0.0,True
2660,558338.350473112,4867897.079644086,junction,0.0,True
2661,558338.350473112,4867922.079644086,junction,0.0,True
2677,558663.350473112,4867747.079644086,junction,0.0,True
2678,558688.350473112,4867747.079644086,junction,0.0,True
2679,558713.350473112,4867747.079644086,junction,0.0,True
2701,558455.0171397786,4868163.746310753,junction,0.0,True
2702,558471.6838064453,4868180.412977419,junction,0.0,True
2703,558488.350473112,4868197.079644086,junction,0.0,True
2704,558505.0171397786,4868213.746310753,junction,0.0,True
2705,558521.6838064453,4868230.412977419,junction,0.0,True
2731,559621.6838064453,4868263.746310753,junction,0.0,True
2732,559605.0171397786,4868280.412977419,junction,0.0,True
2733,559588.350473112,4868297.079644086,junction,0.0,True
2734,559571.6838064453,4868313.746310753,junction,0.0,True
2735,559555.0171397786,4868330.412977419,junction,0.0,True
2793,558155.0171397786,4868963.746310753,junction,0.0,True
2794,558171.6838064453,4868980.412977419,junction,0.0,True
2795,558188.350473112,4868997.079644086,junction,0.0,True
2796,558205.0171397786,4869013.746310753,junction,0.0,True
2797,558221.6838064453,4869030.412977419,junction,0.0,True
2903,558038.350473112,4869172.079644086,junction,0.0,True
2904,558038.350473112,4869197.079644086,junction,0.0,True
2905,558038.350473112,4869222.079644086,junction,0.0,True
2912,558221.6838064453,4869063.746310753,junction,0.0,True
2913,558205.0171397786,4869080.412977419,junction,0.0,True
2914,558188.350473112,4869097.079644086,junction,0.0,True
2915,558171.6838064453,4869113.746310753,junction,0.0,True
2916,558155.0171397786,4869130.412977419,junction,0.0,True
2989,558238.350473112,4868372.079644086,junction,0.0,True
2990,558238.350473112,4868397.079644086,junction,0.0,True
2991,558238.350473112,4868422.079644086,junction,0.0,True
3006,558338.350473112,4868372.079644086,junction,0.0,True
3007,558338.350473112,4868397.079644086,junction,0.0,True
3008,558338.350473112,4868422.079644086,junction,0.0,True
3088,559455.0171397786,4868263.746310753,junction,0.0,True
3089,559471.6838064453,4868280.412977419,junction,0.0,True
3090,559488.350473112,4868297.079644086,junction,0.0,True
3091,559505.0171397786,4868313.746310753,junction,0.0,True
3092,559521.6838064453,4868330.412977419,junction,0.0,True
3093,558821.6838064453,4868663.746310753,junction,0.0,True
3094,558805.0171397786,4868680.412977419,junction,0.0,True
3095,558788.350473112,4868697.079644086,junction,0.0,True
3096,558771.6838064453,4868713.746310753,junction,0.0,True
3097,558755.0171397786,4868730.412977419,junction,0.0,True
3098,558121.6838064453,4868563.746310753,junction,0.0,True
3099,558105.0171397786,4868580.412977419,junction,0.0,True
3100,558088.350473112,4868597.079644086,junction,0.0,True
3101,558071.6838064453,4868613.746310753,junction,0.0,True
3102,558055.0171397786,4868630.412977419,junction,0.0,True
3155,558963.350473112,4868347.079644086,junction,0.0,True
3156,558988.350473112,4868347.079644086,junction,0.0,True
3157,559013.350473112,4868347.079644086,junction,0.0,True
3168,559063.350473112,4868347.079644086,junction,0.0,True
3169,559088.350473112,4868347.079644086,junction,0.0,True
3170,559113.350473112,4868347.079644086,junction,0.0,True
3197,558563.350473112,4868647.079644086,junction,0.0,True
3198,558588.350473112,4868647.079644086,junction,0.0,True
3199,558613.350473112,4868647.079644086,junction,0.0,True
3256,558338.350473112,4867572.079644086,junction,0.0,True
3257,558338.350473112,4867597.079644086,junction,0.0,True
3258,558338.350473112,4867622.079644086,junction,0.0,True
3274,558238.350473112,4868972.079644086,junction,0.0,True
3275,558238.350473112,4868997.079644086,junction,0.0,True
3276,558238.350473112,4869022.079644086,junction,0.0,True
3289,558438.350473112,4867672.079644086,junction,0.0,True
3290,558438.350473112,4867697.079644086,junction,0.0,True
3291,558438.350473112,4867722.079644086,junction,0.0,True
3318,558763.350473112,4868847.079644086,junction,0.0,True
3319,558788.350473112,4868847.079644086,junction,0.0,True
3320,558813.350473112,4868847.079644086,junction,0.0,True
3337,558138.350473112,4868772.079644086,junction,0.0,True
3338,558138.350473112,4868797.079644086,junction,0.0,True
3339,558138.350473112,4868822.079644086,junction,0.0,True
3356,559021.6838064453,4868663.746310753,junction,0.0,True
3357,559005.0171397786,4868680.412977419,junction,0.0,True
3358,558988.350473112,4868697.079644086,junction,0.0,True
3359,558971.6838064453,4868713.746310753,junction,0.0,True
3360,558955.0171397786,4868730.412977419,junction,0.0,True
3376,558221.6838064453,4868763.746310753,junction,0.0,True
3377,558205.0171397786,4868780.412977419,junction,0.0,True
3378,558188.350473112,4868797.079644086,junction,0.0,True
3379,558171.6838064453,4868813.746310753,junction,0.0,True
3380,558155.0171397786,4868830.412977419,junction,0.0,True
3411,558338.350473112,4868072.079644086,junction,0.0,True
3412,558338.350473112,4868097.079644086,junction,0.0,True
3413,558338.350473112,4868122.079644086,junction,0.0,True
3441,558321.6838064453,4868363.746310753,junction,0.0,True
3442,558305.0171397786,4868380.412977419,junction,0.0,True
3443,558288.350473112,4868397.079644086,junction,0.0,True
3444,558271.6838064453,4868413.746310753,junction,0.0,True
3445,558255.0171397786,4868430.412977419,junction,0.0,True
3449,557921.6838064453,4869363.746310753,junction,0.0,True
3450,557905.0171397786,4869380.412977419,junction,0.0,True
3451,557888.350473112,4869397.079644086,junction,0.0,True
3452,557871.6838064453,4869413.746310753,junction,0.0,True
3453,557855.0171397786,4869430.412977419,junction,0.0,True
3459,560263.350473112,4868047.079644086,junction,0.0,True
3460,560288.350473112,4868047.079644086,junction,0.0,True
3461,560313.350473112,4868047.079644086,inlet,0.0,True
3486,558821.6838064453,4868763.746310753,junction,0.0,True
3487,558805.0171397786,4868780.412977419,junction,0.0,True
3488,558788.350473112,4868797.079644086,junction,0.0,True
3489,558771.6838064453,4868813.746310753,junction,0.0,True
3490,558755.0171397786,4868830.412977419,junction,0.0,True
3491,559021.6838064453,4868563.746310753,junction,0.0,True
3492,559005.0171397786,4868580.412977419,junction,0.0,True
3493,558988.350473112,4868597.079644086,junction,0.0,True
3494,558971.6838064453,4868613.746310753,junction,0.0,True
3495,558955.0171397786,4868630.412977419,junction,0.0,True
3499,558638.350473112,4868672.079644086,junction,0.0,True
3500,558638.350473112,4868697.079644086,junction,0.0,True
3501,558638.350473112,4868722.079644086,junction,0.0,True
3543,559263.350473112,4868447.079644086,junction,0.0,True
3544,559288.350473112,4868447.079644086,junction,0.0,True
3545,559313.350473112,4868447.079644086,junction,0.0,True
3563,559055.0171397786,4867963.746310753,junction,0.0,True
3564,559071.6838064453,4867980.412977419,junction,0.0,True
3565,559088.350473112,4867997.079644086,junction,0.0,True
3566,559105.0171397786,4868013.746310753,junction,0.0,True
3567,559121.6838064453,4868030.412977419,junction,0.0,True
3587,559438.350473112,4868172.079644086,junction,0.0,True
3588,559438.350473112,4868197.079644086,junction,0.0,True
3589,559438.350473112,4868222.079644086,junction,0.0,True
3593,557763.350473112,4869447.079644086,outlet,0.0,True
3594,557788.350473112,4869447.079644086,junction,0.0,True
3595,557813.350473112,4869447.079644086,junction,0.0,True
3601,558355.0171397786,4868163.746310753,junction,0.0,True
3602,558371.6838064453,4868180.412977419,junction,0.0,True
3603,558388.350473112,4868197.079644086,junction,0.0,True
3604,558405.0171397786,4868213.746310753,junction,0.0,True
3605,558421.6838064453,4868230.412977419,junction,0.0,True
3606,558063.350473112,4869147.079644086,junction,0.0,True
3607,558088.350473112,4869147.079644086,junction,0.0,True
3608,558113.350473112,4869147.079644086,junction,0.0,True
3615,558338.350473112,4868772.079644086,junction,0.0,True
3616,558338.350473112,4868797.079644086,junction,0.0,True
3617,558338.350473112,4868822.079644086,junction,0.0,True
3618,558538.350473112,4868572.079644086,junction,0.0,True
3619,558538.350473112,4868597.079644086,junction,0.0,True
3620,558538.350473112,4868622.079644086,junction,0.0,True
3637,558438.350473112,4868772.079644086,junction,0.0,True
3638,558438.350473112,4868797.079644086,junction,0.0,True
3639,558438.350473112,4868822.079644086,junction,0.0,True
3646,558338.350473112,4867772.079644086,junction,0.0,True
3647,558338.350473112,4867797.079644086,junction,0.0,True
3648,558338.350473112,4867822.079644086,junction,0.0,True
3652,558438.350473112,4867772.079644086,junction,0.0,True
3653,558438.350473112,4867797.079644086,junction,0.0,True
3654,558438.350473112,4867822.079644086,junction,0.0,True
3661,558238.350473112,4867972.079644086,junction,0.0,True
3662,558238.350473112,4867997.079644086,junction,0.0,True
3663,558238.350473112,4868022.079644086,junction,0.0,True
3700,560121.6838064453,4868163.746310753,junction,0.0,True
3701,560105.0171397786,4868180.412977419,junction,0.0,True
3702,560088.350473112,4868197.079644086,junction,0.0,True
3703,560071.6838064453,4868213.746310753,junction,0.0,True
3704,560055.0171397786,4868230.412977419,junction,0.0,True
3728,558855.0171397786,4868663.746310753,junction,0.0,True
3729,558871.6838064453,4868680.412977419,junction,0.0,True
3730,558888.350473112,4868697.079644086,junction,0.0,True
3731,558905.0171397786,4868713.746310753,junction,0.0,True
3732,558921.6838064453,4868730.412977419,junction,0.0,True
3753,559221.6838064453,4868563.746310753,junction,0.0,True
3754,559205.0171397786,4868580.412977419,junction,0.0,True
3755,559188.350473112,4868597.079644086,junction,0.0,True
3756,559171.6838064453,4868613.746310753,junction,0.0,True
3757,559155.0171397786,4868630.412977419,junction,0.0,True
3788,559463.350473112,4868447.079644086,junction,0.0,True
3789,559488.350473112,4868447.079644086,junction,0.0,True
3790,559513.350473112,4868447.079644086,junction,0.0,True
3835,558263.350473112,4868147.079644086,junction,0.0,True
3836,558288.350473112,4868147.079644086,junction,0.0,True
3837,558313.350473112,4868147.079644086,junction,0.0,True
3844,558663.350473112,4868247.079644086,junction,0.0,True
3845,558688.350473112,4868247.079644086,junction,0.0,True
3846,558713.350473112,4868247.079644086,junction,0.0,True
3879,558763.350473112,4868647.079644086,junction,0.0,True
3880,558788.350473112,4868647.079644086,junction,0.0,True
3881,558813.350473112,4868647.079644086,junction,0.0,True
3885,559038.350473112,4867872.079644086,junction,0.0,True
3886,559038.350473112,4867897.079644086,junction,0.0,True
3887,559038.350473112,4867922.079644086,junction,0.0,True
3888,558863.350473112,4868647.079644086,junction,0.0,True
3889,558888.350473112,4868647.079644086,junction,0.0,True
3890,558913.350473112,4868647.079644086,junction,0.0,True
3894,558438.350473112,4867972.079644086,junction,0.0,True
3895,558438.350473112,4867997.079644086,junction,0.0,True
3896,558438.350473112,4868022.079644086,junction,0.0,True
3906,558363.350473112,4868847.079644086,junction,0.0,True
3907,558388.350473112,4868847.079644086,junction,0.0,True
3908,558413.350473112,4868847.079644086,junction,0.0,True
3909,558563.350473112,4869047.079644086,junction,0.0,True
3910,558588.350473112,4869047.079644086,junction,0.0,True
3911,558613.350473112,4869047.079644086,junction,0.0,True
3937,558538.350473112,4868272.079644086,junction,0.0,True
3938,558538.350473112,4868297.079644086,junction,0.0,True
3939,558538.350473112,4868322.079644086,junction,0.0,True
3940,557938.350473112,4869272.079644086,junction,0.0,True
3941,557938.350473112,4869297.079644086,junction,0.0,True
3942,557938.350473112,4869322.079644086,junction,0.0,True
3961,559555.0171397786,4868463.746310753,junction,0.0,True
3962,559571.6838064453,4868480.412977419,inlet,0.0,True
3990,558021.6838064453,4869263.746310753,junction,0.0,True
3991,558005.0171397786,4869280.412977419,junction,0.0,True
3992,557988.350473112,4869297.079644086,junction,0.0,True
3993,557971.6838064453,4869313.746310753,junction,0.0,True
3994,557955.0171397786,4869330.412977419,junction,0.0,True
4077,558355.0171397786,4868363.746310753,junction,0.0,True
4078,558371.6838064453,4868380.412977419,junction,0.0,True
4079,558388.350473112,4868397.079644086,junction,0.0,True
4080,558405.0171397786,4868413.746310753,junction,0.0,True
4081,558421.6838064453,4868430.412977419,junction,0.0,True
4093,558521.6838064453,4868763.746310753,junction,0.0,True
4094,558505.0171397786,4868780.412977419,junction,0.0,True
4095,558488.350473112,4868797.079644086,junction,0.0,True
4096,558471.6838064453,4868813.746310753,junction,0.0,True
4097,558455.0171397786,4868830.412977419,junction,0.0,True
4152,558855.0171397786,4867763.746310753,junction,0.0,True
4153,558871.6838064453,4867780.412977419,junction,0.0,True
4154,558888.350473112,4867797.079644086,junction,0.0,True
4155,558905.0171397786,4867813.746310753,junction,0.0,True
4156,558921.6838064453,4867830.412977419,junction,0.0,True
4165,558963.350473112,4868647.079644086,junction,0.0,True
4166,558988.350473112,4868647.079644086,junction,0.0,True
4167,559013.350473112,4868647.079644086,junction,0.0,True
4168,559063.350473112,4868647.079644086,junction,0.0,True
4169,559088.350473112,4868647.079644086,junction,0.0,True
4170,559113.350473112,4868647.079644086,junction,0.0,True
4197,557938.350473112,4869172.079644086,junction,0.0,True
4198,557938.350473112,4869197.079644086,junction,0.0,True
4199,557938.350473112,4869222.079644086,junction,0.0,True
4214,559421.6838064453,4868463.746310753,junction,0.0,True
4215,559405.0171397786,4868480.412977419,junction,0.0,True
4216,559388.350473112,4868497.079644086,junction,0.0,True
4217,559371.6838064453,4868513.746310753,junction,0.0,True
4218,559355.0171397786,4868530.412977419,junction,0.0,True
4230,558221.6838064453,4868563.746310753,junction,0.0,True
4231,558205.0171397786,4868580.412977419,junction,0.0,True
4232,558188.350473112,4868597.079644086,junction,0.0,True
4233,558171.6838064453,4868613.746310753,junction,0.0,True
4234,558155.0171397786,4868630.412977419,junction,0.0,True
4241,558463.350473112,4867247.079644086,junction,0.0,True
4242,558488.350473112,4867247.079644086,junction,0.0,True
4243,558513.350473112,4867247.079644086,inlet,0.0,True
4262,558438.350473112,4867872.079644086,junction,0.0,True
4263,558438.350473112,4867897.079644086,junction,0.0,True
4264,558438.350473112,4867922.079644086,junction,0.0,True
4311,558363.350473112,4869147.079644086,junction,0.0,True
4312,558388.350473112,4869147.079644086,junction,0.0,True
4313,558413.350473112,4869147.079644086,junction,0.0,True
4343,558555.0171397786,4868363.746310753,junction,0.0,True
4344,558571.6838064453,4868380.412977419,junction,0.0,True
4345,558588.350473112,4868397.079644086,junction,0.0,True
4346,558605.0171397786,4868413.746310753,junction,0.0,True
4347,558621.6838064453,4868430.412977419,junction,0.0,True
4348,558038.350473112,4868872.079644086,junction,0.0,True
4349,558038.350473112,4868897.079644086,junction,0.0,True
4350,558038.350473112,4868922.079644086,junction,0.0,True
4361,558438.350473112,4867572.079644086,junction,0.0,True
4362,558438.350473112,4867597.079644086,junction,0.0,True
4363,558438.350473112,4867622.079644086,junction,0.0,True
4429,559155.0171397786,4868363.746310753,junction,0.0,True
4430,559171.6838064453,4868380.412977419,junction,0.0,True
4431,559188.350473112,4868397.079644086,junction,0.0,True
4432,559205.0171397786,4868413.746310753,junction,0.0,True
4433,559221.6838064453,4868430.412977419,junction,0.0,True
4445,558338.350473112,4868572.079644086,junction,0.0,True
4446,558338.350473112,4868597.079644086,junction,0.0,True
4447,558338.350473112,4868622.079644086,junction,0.0,True
4468,558438.350473112,4868572.079644086,junction,0.0,True
4469,558438.350473112,4868597.079644086,junction,0.0,True
4470,558438.350473112,4868622.079644086,junction,0.0,True
4471,558238.350473112,4868772.079644086,junction,0.0,True
4472,558238.350473112,4868797.079644086,junction,0.0,True
4473,558238.350473112,4868822.079644086,junction,0.0,True
4493,559763.350473112,4868247.079644086,junction,0.0,True
4494,559788.350473112,4868247.079644086,junction,0.0,True
4495,559813.350473112,4868247.079644086,junction,0.0,True
4538,558263.350473112,4869047.079644086,junction,0.0,True
4539,558288.350473112,4869047.079644086,junction,0.0,True
4540,558313.350473112,4869047.079644086,junction,0.0,True
4553,558238.350473112,4868272.079644086,junction,0.0,True
4554,558238.350473112,4868297.079644086,junction,0.0,True
4555,558238.350473112,4868322.079644086,junction,0.0,True
4575,558938.350473112,4868772.079644086,junction,0.0,True
4576,558938.350473112,4868797.079644086,junction,0.0,True
4577,558938.350473112,4868822.079644086,junction,0.0,True
4583,558238.350473112,4868872.079644086,junction,0.0,True
4584,558238.350473112,4868897.079644086,junction,0.0,True
4585,558238.350473112,4868922.079644086,junction,0.0,True
4591,558338.350473112,4867672.079644086,junction,0.0,True
4592,558338.350473112,4867697.079644086,junction,0.0,True
4593,558338.350473112,4867722.079644086,junction,0.0,True
4637,560221.6838064453,4868063.746310753,junction,0.0,True
4638,560205.0171397786,4868080.412977419,junction,0.0,True
4639,560188.350473112,4868097.079644086,junction,0.0,True
4640,560171.6838064453,4868113.746310753,junction,0.0,True
4641,560155.0171397786,4868130.412977419,junction,0.0,True
4666,558555.0171397786,4868563.746310753,junction,0.0,True
4667,558571.6838064453,4868580.412977419,junction,0.0,True
4668,558588.350473112,4868597.079644086,junction,0.0,True
4669,558605.0171397786,4868613.746310753,junction,0.0,True
4670,558621.6838064453,4868630.412977419,junction,0.0,True
4682,559163.350473112,4868047.079644086,junction,0.0,True
4683,559188.350473112,4868047.079644086,junction,0.0,True
4684,559213.350473112,4868047.079644086,junction,0.0,True
4732,558663.350473112,4868647.079644086,junction,0.0,True
4733,558688.350473112,4868647.079644086,junction,0.0,True
4734,558713.350473112,4868647.079644086,junction,0.0,True
4765,558338.350473112,4868272.079644086,junction,0.0,True
4766,558338.350473112,4868297.079644086,junction,0.0,True
4767,558338.350473112,4868322.079644086,junction,0.0,True
4774,559238.350473112,4868572.079644086,junction,0.0,True
4775,559238.350473112,4868597.079644086,junction,0.0,True
4776,559238.350473112,4868622.079644086,junction,0.0,True
4785,558421.6838064453,4867563.746310753,junction,0.0,True
4786,558405.0171397786,4867580.412977419,junction,0.0,True
4787,558388.350473112,4867597.079644086,junction,0.0,True
4788,558371.6838064453,4867613.746310753,junction,0.0,True
4789,558355.0171397786,4867630.412977419,junction,0.0,True
4858,558863.350473112,4868847.079644086,junction,0.0,True
4859,558888.350473112,4868847.079644086,junction,0.0,True
4860,558913.350473112,4868847.079644086,junction,0.0,True
4864,557963.350473112,4869147.079644086,junction,0.0,True
4865,557988.350473112,4869147.079644086,junction,0.0,True
4866,558013.350473112,4869147.079644086,junction,0.0,True
4867,559355.0171397786,4868063.746310753,junction,0.0,True
4868,559371.6838064453,4868080.412977419,junction,0.0,True
4869,559388.350473112,4868097.079644086,junction,0.0,True
4870,559405.0171397786,4868113.746310753,junction,0.0,True
4871,559421.6838064453,4868130.412977419,junction,0.0,True
4905,558221.6838064453,4869163.746310753,junction,0.0,True
4906,558205.0171397786,4869180.412977419,junction,0.0,True
4907,558188.350473112,4869197.079644086,junction,0.0,True
4908,558171.6838064453,4869213.746310753,junction,0.0,True
4909,558155.0171397786,4869230.412977419,junction,0.0,True
4918,558755.0171397786,4868563.746310753,junction,0.0,True
4919,558771.6838064453,4868580.412977419,junction,0.0,True
4920,558788.350473112,4868597.079644086,junction,0.0,True
4921,558805.0171397786,4868613.746310753,junction,0.0,True
4922,558821.6838064453,4868630.412977419,junction,0.0,True
4952,558763.350473112,4868247.079644086,junction,0.0,True
4953,558788.350473112,4868247.079644086,junction,0.0,True
4954,558813.350473112,4868247.079644086,junction,0.0,True
5014,558555.0171397786,4868263.746310753,junction,0.0,True
5015,558571.6838064453,4868280.412977419,junction,0.0,True
5016,558588.350473112,4868297.079644086,junction,0.0,True
5017,558605.0171397786,4868313.746310753,junction,0.0,True
5018,558621.6838064453,4868330.412977419,junction,0.0,True
5043,558021.6838064453,4868663.746310753,inlet,0.0,True
5044,558005.0171397786,4868680.412977419,junction,0.0,True
5045,557988.350473112,4868697.079644086,junction,0.0,True
5046,557971.6838064453,4868713.746310753,junction,0.0,True
5047,557955.0171397786,4868730.412977419,junction,0.0,True
5155,558438.350473112,4867472.079644086,junction,0.0,True
5156,558438.350473112,4867497.079644086,junction,0.0,True
5157,558438.350473112,4867522.079644086,junction,0.0,True
5178,557938.350473112,4868872.079644086,junction,0.0,True
5179,557938.350473112,4868897.079644086,junction,0.0,True
5180,557938.350473112,4868922.079644086,junction,0.0,True
