from_id,to_id,x_0,y_0,z_0,x_1,y_1,z_1
60,235,559388.350473112,4868147.079644086,0.0,559413.350473112,4868147.079644086,0.0
235,61,559413.350473112,4868147.079644086,0.0,559438.350473112,4868147.079644086,0.0
229,236,557988.350473112,4869247.079644086,0.0,557971.6838064453,4869263.746310753,0.0
236,237,557971.6838064453,4869263.746310753,0.0,557955.0171397786,4869280.412977419,0.0
237,231,557955.0171397786,4869280.412977419,0.0,557938.350473112,4869297.079644086,0.0
136,238,558338.350473112,4868597.079644086,0.0,558338.350473112,4868622.079644086,0.0
238,146,558338.350473112,4868622.079644086,0.0,558338.350473112,4868647.079644086,0.0
78,239,559238.350473112,4868197.079644086,0.0,559255.0171397786,4868213.746310753,0.0
239,240,559255.0171397786,4868213.746310753,0.0,559271.6838064453,4868230.412977419,0.0
240,85,559271.6838064453,4868230.412977419,0.0,559288.350473112,4868247.079644086,0.0
54,241,559088.350473112,4868147.079644086,0.0,559113.350473112,4868147.079644086,0.0
241,55,559113.350473112,4868147.079644086,0.0,559138.350473112,4868147.079644086,0.0
108,242,559488.350473112,4868397.079644086,0.0,559488.350473112,4868422.079644086,0.0
242,113,559488.350473112,4868422.079644086,0.0,559488.350473112,4868447.079644086,0.0
57,243,559238.350473112,4868147.079644086,0.0,559238.350473112,4868172.079644086,0.0
243,78,559238.350473112,4868172.079644086,0.0,559238.350473112,4868197.079644086,0.0
161,244,558288.350473112,4868747.079644086,0.0,558271.6838064453,4868763.746310753,0.0
244,245,558271.6838064453,4868763.746310753,0.0,558255.0171397786,4868780.412977419,0.0
245,170,558255.0171397786,4868780.412977419,0.0,558238.350473112,4868797.079644086,0.0
91,246,558688.350473112,4868297.079644086,0.0,558671.6838064453,4868313.746310753,0.0
246,247,558671.6838064453,4868313.746310753,0.0,558655.0171397786,4868330.412977419,0.0
247,98,558655.0171397786,4868330.412977419,0.0,558638.350473112,4868347.079644086,0.0
28,248,558538.350473112,4868047.079644086,0.0,558538.350473112,4868072.079644086,0.0
248,38,558538.350473112,4868072.079644086,0.0,558538.350473112,4868097.079644086,0.0
186,249,558788.350473112,4868847.079644086,0.0,558771.6838064453,4868863.746310753,0.0
249,250,558771.6838064453,4868863.746310753,0.0,558755.0171397786,4868880.412977419,0.0
250,195,558755.0171397786,4868880.412977419,0.0,558738.350473112,4868897.079644086,0.0
217,251,558038.350473112,4869097.079644086,0.0,558038.350473112,4869122.079644086,0.0
251,222,558038.350473112,4869122.079644086,0.0,558038.350473112,4869147.079644086,0.0
64,252,559588.350473112,4868147.079644086,0.0,559613.350473112,4868147.079644086,0.0
252,65,559613.350473112,4868147.079644086,0.0,559638.350473112,4868147.079644086,0.0
4,253,558538.350473112,4867447.079644086,0.0,558538.350473112,4867472.079644086,0.0
253,5,558538.350473112,4867472.079644086,0.0,558538.350473112,4867497.079644086,0.0
138,254,558538.350473112,4868597.079644086,0.0,558538.350473112,4868622.079644086,0.0
254,148,558538.350473112,4868622.079644086,0.0,558538.350473112,4868647.079644086,0.0
23,255,558538.350473112,4867997.079644086,0.0,558538.350473112,4868022.079644086,0.0
255,28,558538.350473112,4868022.079644086,0.0,558538.350473112,4868047.079644086,0.0
67,256,559738.350473112,4868147.079644086,0.0,559763.350473112,4868147.079644086,0.0
256,68,559763.350473112,4868147.079644086,0.0,559788.350473112,4868147.079644086,0.0
34,257,560188.350473112,4868047.079644086,0.0,560171.6838064453,4868063.746310753,0.0
257,258,560171.6838064453,4868063.746310753,0.0,560155.0171397786,4868080.412977419,0.0
258,41,560155.0171397786,4868080.412977419,0.0,560138.350473112,4868097.079644086,0.0
134,259,559288.350473112,4868547.079644086,0.0,559313.350473112,4868547.079644086,0.0
259,135,559313.350473112,4868547.079644086,0.0,559338.350473112,4868547.079644086,0.0
208,260,558588.350473112,4868997.079644086,0.0,558613.350473112,4868997.079644086,0.0
260,209,558613.350473112,4868997.079644086,0.0,558638.350473112,4868997.079644086,0.0
26,261,558988.350473112,4867997.079644086,0.0,559005.0171397786,4868013.746310753,0.0
261,262,559005.0171397786,4868013.746310753,0.0,559021.6838064453,4868030.412977419,0.0
262,30,559021.6838064453,4868030.412977419,0.0,559038.350473112,4868047.079644086,0.0
153,263,558288.350473112,4868697.079644086,0.0,558288.350473112,4868722.079644086,0.0
263,161,558288.350473112,4868722.079644086,0.0,558288.350473112,4868747.079644086,0.0
199,264,558238.350473112,4868947.079644086,0.0,558238.350473112,4868972.079644086,0.0
264,207,558238.350473112,4868972.079644086,0.0,558238.350473112,4868997.079644086,0.0
61,265,559438.350473112,4868147.079644086,0.0,559463.350473112,4868147.079644086,0.0
265,62,559463.350473112,4868147.079644086,0.0,559488.350473112,4868147.079644086,0.0
134,266,559288.350473112,4868547.079644086,0.0,559271.6838064453,4868563.746310753,0.0
266,267,559271.6838064453,4868563.746310753,0.0,559255.0171397786,4868580.412977419,0.0
267,143,559255.0171397786,4868580.412977419,0.0,559238.350473112,4868597.079644086,0.0
157,268,558988.350473112,4868697.079644086,0.0,559013.350473112,4868697.079644086,0.0
268,158,559013.350473112,4868697.079644086,0.0,559038.350473112,4868697.079644086,0.0
5,269,558538.350473112,4867497.079644086,0.0,558538.350473112,4867522.079644086,0.0
269,6,558538.350473112,4867522.079644086,0.0,558538.350473112,4867547.079644086,0.0
12,270,558538.350473112,4867797.079644086,0.0,558538.350473112,4867822.079644086,0.0
270,15,558538.350473112,4867822.079644086,0.0,558538.350473112,4867847.079644086,0.0
105,271,559338.350473112,4868397.079644086,0.0,559363.350473112,4868397.079644086,0.0
271,106,559363.350473112,4868397.079644086,0.0,559388.350473112,4868397.079644086,0.0
40,272,559188.350473112,4868097.079644086,0.0,559205.0171397786,4868113.746310753,0.0
272,273,559205.0171397786,4868113.746310753,0.0,559221.6838064453,4868130.412977419,0.0
273,57,559221.6838064453,4868130.412977419,0.0,559238.350473112,4868147.079644086,0.0
70,274,559888.350473112,4868147.079644086,0.0,559913.350473112,4868147.079644086,0.0
274,71,559913.350473112,4868147.079644086,0.0,559938.350473112,4868147.079644086,0.0
164,275,558638.350473112,4868747.079644086,0.0,558621.6838064453,4868763.746310753,0.0
275,276,558621.6838064453,4868763.746310753,0.0,558605.0171397786,4868780.412977419,0.0
276,174,558605.0171397786,4868780.412977419,0.0,558588.350473112,4868797.079644086,0.0
77,277,558738.350473112,4868197.079644086,0.0,558738.350473112,4868222.079644086,0.0
277,84,558738.350473112,4868222.079644086,0.0,558738.350473112,4868247.079644086,0.0
31,278,559088.350473112,4868047.079644086,0.0,559113.350473112,4868047.079644086,0.0
278,32,559113.350473112,4868047.079644086,0.0,559138.350473112,4868047.079644086,0.0
33,279,559188.350473112,4868047.079644086,0.0,559188.350473112,4868072.079644086,0.0
279,40,559188.350473112,4868072.079644086,0.0,559188.350473112,4868097.079644086,0.0
222,280,558038.350473112,4869147.079644086,0.0,558021.6838064453,4869163.746310753,0.0
280,281,558021.6838064453,4869163.746310753,0.0,558005.0171397786,4869180.412977419,0.0
281,225,558005.0171397786,4869180.412977419,0.0,557988.350473112,4869197.079644086,0.0
215,282,558488.350473112,4869047.079644086,0.0,558513.350473112,4869047.079644086,0.0
282,216,558513.350473112,4869047.079644086,0.0,558538.350473112,4869047.079644086,0.0
171,283,558388.350473112,4868797.079644086,0.0,558413.350473112,4868797.079644086,0.0
283,172,558413.350473112,4868797.079644086,0.0,558438.350473112,4868797.079644086,0.0
197,284,558138.350473112,4868947.079644086,0.0,558138.350473112,4868972.079644086,0.0
284,205,558138.350473112,4868972.079644086,0.0,558138.350473112,4868997.079644086,0.0
59,285,559338.350473112,4868147.079644086,0.0,559363.350473112,4868147.079644086,0.0
285,60,559363.350473112,4868147.079644086,0.0,559388.350473112,4868147.079644086,0.0
173,286,558488.350473112,4868797.079644086,0.0,558488.350473112,4868822.079644086,0.0
286,180,558488.350473112,4868822.079644086,0.0,558488.350473112,4868847.079644086,0.0
223,287,558088.350473112,4869147.079644086,0.0,558071.6838064453,4869163.746310753,0.0
287,288,558071.6838064453,4869163.746310753,0.0,558055.0171397786,4869180.412977419,0.0
288,226,558055.0171397786,4869180.412977419,0.0,558038.350473112,4869197.079644086,0.0
226,289,558038.350473112,4869197.079644086,0.0,558063.350473112,4869197.079644086,0.0
289,227,558063.350473112,4869197.079644086,0.0,558088.350473112,4869197.079644086,0.0
68,290,559788.350473112,4868147.079644086,0.0,559813.350473112,4868147.079644086,0.0
290,69,559813.350473112,4868147.079644086,0.0,559838.350473112,4868147.079644086,0.0
130,291,559038.350473112,4868547.079644086,0.0,559063.350473112,4868547.079644086,0.0
291,131,559063.350473112,4868547.079644086,0.0,559088.350473112,4868547.079644086,0.0
25,292,558938.350473112,4867997.079644086,0.0,558963.350473112,4867997.079644086,0.0
292,26,558963.350473112,4867997.079644086,0.0,558988.350473112,4867997.079644086,0.0
131,293,559088.350473112,4868547.079644086,0.0,559113.350473112,4868547.079644086,0.0
293,132,559113.350473112,4868547.079644086,0.0,559138.350473112,4868547.079644086,0.0
213,294,558388.350473112,4869047.079644086,0.0,558413.350473112,4869047.079644086,0.0
294,214,558413.350473112,4869047.079644086,0.0,558438.350473112,4869047.079644086,0.0
10,295,558538.350473112,4867747.079644086,0.0,558538.350473112,4867772.079644086,0.0
295,12,558538.350473112,4867772.079644086,0.0,558538.350473112,4867797.079644086,0.0
38,296,558538.350473112,4868097.079644086,0.0,558538.350473112,4868122.079644086,0.0
296,43,558538.350473112,4868122.079644086,0.0,558538.350473112,4868147.079644086,0.0
96,297,558338.350473112,4868347.079644086,0.0,558338.350473112,4868372.079644086,0.0
297,102,558338.350473112,4868372.079644086,0.0,558338.350473112,4868397.079644086,0.0
125,298,558338.350473112,4868547.079644086,0.0,558338.350473112,4868572.079644086,0.0
298,136,558338.350473112,4868572.079644086,0.0,558338.350473112,4868597.079644086,0.0
201,299,558338.350473112,4868947.079644086,0.0,558363.350473112,4868947.079644086,0.0
299,202,558363.350473112,4868947.079644086,0.0,558388.350473112,4868947.079644086,0.0
176,300,558038.350473112,4868847.079644086,0.0,558038.350473112,4868872.079644086,0.0
300,187,558038.350473112,4868872.079644086,0.0,558038.350473112,4868897.079644086,0.0
145,301,558288.350473112,4868647.079644086,0.0,558313.350473112,4868647.079644086,0.0
301,146,558313.350473112,4868647.079644086,0.0,558338.350473112,4868647.079644086,0.0
105,302,559338.350473112,4868397.079644086,0.0,559321.6838064453,4868413.746310753,0.0
302,303,559321.6838064453,4868413.746310753,0.0,559305.0171397786,4868430.412977419,0.0
303,112,559305.0171397786,4868430.412977419,0.0,559288.350473112,4868447.079644086,0.0
180,304,558488.350473112,4868847.079644086,0.0,558488.350473112,4868872.079644086,0.0
304,193,558488.350473112,4868872.079644086,0.0,558488.350473112,4868897.079644086,0.0
177,305,558188.350473112,4868847.079644086,0.0,558188.350473112,4868872.079644086,0.0
305,189,558188.350473112,4868872.079644086,0.0,558188.350473112,4868897.079644086,0.0
9,306,558538.350473112,4867697.079644086,0.0,558538.350473112,4867722.079644086,0.0
306,10,558538.350473112,4867722.079644086,0.0,558538.350473112,4867747.079644086,0.0
178,307,558388.350473112,4868847.079644086,0.0,558413.350473112,4868847.079644086,0.0
307,179,558413.350473112,4868847.079644086,0.0,558438.350473112,4868847.079644086,0.0
34,308,560188.350473112,4868047.079644086,0.0,560213.350473112,4868047.079644086,0.0
308,35,560213.350473112,4868047.079644086,0.0,560238.350473112,4868047.079644086,0.0
102,309,558338.350473112,4868397.079644086,0.0,558338.350473112,4868422.079644086,0.0
309,109,558338.350473112,4868422.079644086,0.0,558338.350473112,4868447.079644086,0.0
118,310,559238.350473112,4868497.079644086,0.0,559263.350473112,4868497.079644086,0.0
310,119,559263.350473112,4868497.079644086,0.0,559288.350473112,4868497.079644086,0.0
8,311,558538.350473112,4867647.079644086,0.0,558538.350473112,4867672.079644086,0.0
311,9,558538.350473112,4867672.079644086,0.0,558538.350473112,4867697.079644086,0.0
100,312,559538.350473112,4868347.079644086,0.0,559563.350473112,4868347.079644086,0.0
312,101,559563.350473112,4868347.079644086,0.0,559588.350473112,4868347.079644086,0.0
127,313,558538.350473112,4868547.079644086,0.0,558538.350473112,4868572.079644086,0.0
313,138,558538.350473112,4868572.079644086,0.0,558538.350473112,4868597.079644086,0.0
219,314,558238.350473112,4869097.079644086,0.0,558221.6838064453,4869113.746310753,0.0
314,315,558221.6838064453,4869113.746310753,0.0,558205.0171397786,4869130.412977419,0.0
315,224,558205.0171397786,4869130.412977419,0.0,558188.350473112,4869147.079644086,0.0
206,316,558188.350473112,4868997.079644086,0.0,558188.350473112,4869022.079644086,0.0
316,212,558188.350473112,4869022.079644086,0.0,558188.350473112,4869047.079644086,0.0
144,317,558238.350473112,4868647.079644086,0.0,558238.350473112,4868672.079644086,0.0
317,152,558238.350473112,4868672.079644086,0.0,558238.350473112,4868697.079644086,0.0
159,318,558038.350473112,4868747.079644086,0.0,558038.350473112,4868772.079644086,0.0
318,168,558038.350473112,4868772.079644086,0.0,558038.350473112,4868797.079644086,0.0
118,319,559238.350473112,4868497.079644086,0.0,559221.6838064453,4868513.746310753,0.0
319,320,559221.6838064453,4868513.746310753,0.0,559205.0171397786,4868530.412977419,0.0
320,133,559205.0171397786,4868530.412977419,0.0,559188.350473112,4868547.079644086,0.0
148,321,558538.350473112,4868647.079644086,0.0,558538.350473112,4868672.079644086,0.0
321,155,558538.350473112,4868672.079644086,0.0,558538.350473112,4868697.079644086,0.0
195,322,558738.350473112,4868897.079644086,0.0,558721.6838064453,4868913.746310753,0.0
322,323,558721.6838064453,4868913.746310753,0.0,558705.0171397786,4868930.412977419,0.0
323,203,558705.0171397786,4868930.412977419,0.0,558688.350473112,4868947.079644086,0.0
185,324,558738.350473112,4868847.079644086,0.0,558763.350473112,4868847.079644086,0.0
324,186,558763.350473112,4868847.079644086,0.0,558788.350473112,4868847.079644086,0.0
121,325,559388.350473112,4868497.079644086,0.0,559371.6838064453,4868513.746310753,0.0
325,326,559371.6838064453,4868513.746310753,0.0,559355.0171397786,4868530.412977419,0.0
326,135,559355.0171397786,4868530.412977419,0.0,559338.350473112,4868547.079644086,0.0
154,327,558488.350473112,4868697.079644086,0.0,558471.6838064453,4868713.746310753,0.0
327,328,558471.6838064453,4868713.746310753,0.0,558455.0171397786,4868730.412977419,0.0
328,162,558455.0171397786,4868730.412977419,0.0,558438.350473112,4868747.079644086,0.0
85,329,559288.350473112,4868247.079644086,0.0,559313.350473112,4868247.079644086,0.0
329,86,559313.350473112,4868247.079644086,0.0,559338.350473112,4868247.079644086,0.0
200,330,558288.350473112,4868947.079644086,0.0,558313.350473112,4868947.079644086,0.0
330,201,558313.350473112,4868947.079644086,0.0,558338.350473112,4868947.079644086,0.0
179,331,558438.350473112,4868847.079644086,0.0,558463.350473112,4868847.079644086,0.0
331,180,558463.350473112,4868847.079644086,0.0,558488.350473112,4868847.079644086,0.0
2,332,558538.350473112,4867347.079644086,0.0,558538.350473112,4867372.079644086,0.0
332,3,558538.350473112,4867372.079644086,0.0,558538.350473112,4867397.079644086,0.0
119,333,559288.350473112,4868497.079644086,0.0,559313.350473112,4868497.079644086,0.0
333,120,559313.350473112,4868497.079644086,0.0,559338.350473112,4868497.079644086,0.0
19,334,558838.350473112,4867897.079644086,0.0,558855.0171397786,4867913.746310753,0.0
334,335,558855.0171397786,4867913.746310753,0.0,558871.6838064453,4867930.412977419,0.0
335,21,558871.6838064453,4867930.412977419,0.0,558888.350473112,4867947.079644086,0.0
36,336,560288.350473112,4868047.079644086,0.0,560313.350473112,4868047.079644086,0.0
89,337,558338.350473112,4868297.079644086,0.0,558338.350473112,4868322.079644086,0.0
337,96,558338.350473112,4868322.079644086,0.0,558338.350473112,4868347.079644086,0.0
10,338,558538.350473112,4867747.079644086,0.0,558563.350473112,4867747.079644086,0.0
338,11,558563.350473112,4867747.079644086,0.0,558588.350473112,4867747.079644086,0.0
122,339,559438.350473112,4868497.079644086,0.0,559463.350473112,4868497.079644086,0.0
339,123,559463.350473112,4868497.079644086,0.0,559488.350473112,4868497.079644086,0.0
17,340,558788.350473112,4867847.079644086,0.0,558805.0171397786,4867863.746310753,0.0
340,341,558805.0171397786,4867863.746310753,0.0,558821.6838064453,4867880.412977419,0.0
341,19,558821.6838064453,4867880.412977419,0.0,558838.350473112,4867897.079644086,0.0
93,342,559638.350473112,4868297.079644086,0.0,559663.350473112,4868297.079644086,0.0
342,94,559663.350473112,4868297.079644086,0.0,559688.350473112,4868297.079644086,0.0
211,343,558138.350473112,4869047.079644086,0.0,558138.350473112,4869072.079644086,0.0
343,218,558138.350473112,4869072.079644086,0.0,558138.350473112,4869097.079644086,0.0
7,344,558538.350473112,4867597.079644086,0.0,558538.350473112,4867622.079644086,0.0
344,8,558538.350473112,4867622.079644086,0.0,558538.350473112,4867647.079644086,0.0
45,345,558638.350473112,4868147.079644086,0.0,558663.350473112,4868147.079644086,0.0
345,46,558663.350473112,4868147.079644086,0.0,558688.350473112,4868147.079644086,0.0
189,346,558188.350473112,4868897.079644086,0.0,558188.350473112,4868922.079644086,0.0
346,198,558188.350473112,4868922.079644086,0.0,558188.350473112,4868947.079644086,0.0
117,347,559188.350473112,4868497.079644086,0.0,559213.350473112,4868497.079644086,0.0
347,118,559213.350473112,4868497.079644086,0.0,559238.350473112,4868497.079644086,0.0
90,348,558488.350473112,4868297.079644086,0.0,558488.350473112,4868322.079644086,0.0
348,97,558488.350473112,4868322.079644086,0.0,558488.350473112,4868347.079644086,0.0
48,349,558788.350473112,4868147.079644086,0.0,558813.350473112,4868147.079644086,0.0
349,49,558813.350473112,4868147.079644086,0.0,558838.350473112,4868147.079644086,0.0
164,350,558638.350473112,4868747.079644086,0.0,558663.350473112,4868747.079644086,0.0
350,165,558663.350473112,4868747.079644086,0.0,558688.350473112,4868747.079644086,0.0
187,351,558038.350473112,4868897.079644086,0.0,558038.350473112,4868922.079644086,0.0
351,196,558038.350473112,4868922.079644086,0.0,558038.350473112,4868947.079644086,0.0
86,352,559338.350473112,4868247.079644086,0.0,559363.350473112,4868247.079644086,0.0
352,87,559363.350473112,4868247.079644086,0.0,559388.350473112,4868247.079644086,0.0
88,353,559788.350473112,4868247.079644086,0.0,559771.6838064453,4868263.746310753,0.0
353,354,559771.6838064453,4868263.746310753,0.0,559755.0171397786,4868280.412977419,0.0
354,95,559755.0171397786,4868280.412977419,0.0,559738.350473112,4868297.079644086,0.0
42,355,558338.350473112,4868147.079644086,0.0,558338.350473112,4868172.079644086,0.0
355,75,558338.350473112,4868172.079644086,0.0,558338.350473112,4868197.079644086,0.0
13,356,558638.350473112,4867797.079644086,0.0,558663.350473112,4867797.079644086,0.0
356,14,558663.350473112,4867797.079644086,0.0,558688.350473112,4867797.079644086,0.0
43,357,558538.350473112,4868147.079644086,0.0,558563.350473112,4868147.079644086,0.0
357,44,558563.350473112,4868147.079644086,0.0,558588.350473112,4868147.079644086,0.0
157,358,558988.350473112,4868697.079644086,0.0,558971.6838064453,4868713.746310753,0.0
358,359,558971.6838064453,4868713.746310753,0.0,558955.0171397786,4868730.412977419,0.0
359,167,558955.0171397786,4868730.412977419,0.0,558938.350473112,4868747.079644086,0.0
46,360,558688.350473112,4868147.079644086,0.0,558713.350473112,4868147.079644086,0.0
360,47,558713.350473112,4868147.079644086,0.0,558738.350473112,4868147.079644086,0.0
177,361,558188.350473112,4868847.079644086,0.0,558171.6838064453,4868863.746310753,0.0
361,362,558171.6838064453,4868863.746310753,0.0,558155.0171397786,4868880.412977419,0.0
362,188,558155.0171397786,4868880.412977419,0.0,558138.350473112,4868897.079644086,0.0
20,363,558538.350473112,4867947.079644086,0.0,558538.350473112,4867972.079644086,0.0
363,23,558538.350473112,4867972.079644086,0.0,558538.350473112,4867997.079644086,0.0
82,364,558338.350473112,4868247.079644086,0.0,558338.350473112,4868272.079644086,0.0
364,89,558338.350473112,4868272.079644086,0.0,558338.350473112,4868297.079644086,0.0
52,365,558988.350473112,4868147.079644086,0.0,559013.350473112,4868147.079644086,0.0
365,53,559013.350473112,4868147.079644086,0.0,559038.350473112,4868147.079644086,0.0
184,366,558688.350473112,4868847.079644086,0.0,558713.350473112,4868847.079644086,0.0
366,185,558713.350473112,4868847.079644086,0.0,558738.350473112,4868847.079644086,0.0
72,367,559988.350473112,4868147.079644086,0.0,559971.6838064453,4868163.746310753,0.0
367,368,559971.6838064453,4868163.746310753,0.0,559955.0171397786,4868180.412977419,0.0
368,81,559955.0171397786,4868180.412977419,0.0,559938.350473112,4868197.079644086,0.0
124,369,559538.350473112,4868497.079644086,0.0,559563.350473112,4868497.079644086,0.0
55,370,559138.350473112,4868147.079644086,0.0,559163.350473112,4868147.079644086,0.0
370,56,559163.350473112,4868147.079644086,0.0,559188.350473112,4868147.079644086,0.0
80,371,559888.350473112,4868197.079644086,0.0,559913.350473112,4868197.079644086,0.0
371,81,559913.350473112,4868197.079644086,0.0,559938.350473112,4868197.079644086,0.0
139,372,558838.350473112,4868597.079644086,0.0,558863.350473112,4868597.079644086,0.0
372,140,558863.350473112,4868597.079644086,0.0,558888.350473112,4868597.079644086,0.0
49,373,558838.350473112,4868147.079644086,0.0,558863.350473112,4868147.079644086,0.0
373,50,558863.350473112,4868147.079644086,0.0,558888.350473112,4868147.079644086,0.0
141,374,559138.350473112,4868597.079644086,0.0,559163.350473112,4868597.079644086,0.0
374,142,559163.350473112,4868597.079644086,0.0,559188.350473112,4868597.079644086,0.0
18,375,558538.350473112,4867897.079644086,0.0,558538.350473112,4867922.079644086,0.0
375,20,558538.350473112,4867922.079644086,0.0,558538.350473112,4867947.079644086,0.0
11,376,558588.350473112,4867747.079644086,0.0,558605.0171397786,4867763.746310753,0.0
376,377,558605.0171397786,4867763.746310753,0.0,558621.6838064453,4867780.412977419,0.0
377,13,558621.6838064453,4867780.412977419,0.0,558638.350473112,4867797.079644086,0.0
178,378,558388.350473112,4868847.079644086,0.0,558371.6838064453,4868863.746310753,0.0
378,379,558371.6838064453,4868863.746310753,0.0,558355.0171397786,4868880.412977419,0.0
379,191,558355.0171397786,4868880.412977419,0.0,558338.350473112,4868897.079644086,0.0
114,380,558338.350473112,4868497.079644086,0.0,558338.350473112,4868522.079644086,0.0
380,125,558338.350473112,4868522.079644086,0.0,558338.350473112,4868547.079644086,0.0
58,381,559288.350473112,4868147.079644086,0.0,559313.350473112,4868147.079644086,0.0
381,59,559313.350473112,4868147.079644086,0.0,559338.350473112,4868147.079644086,0.0
225,382,557988.350473112,4869197.079644086,0.0,557988.350473112,4869222.079644086,0.0
382,229,557988.350473112,4869222.079644086,0.0,557988.350473112,4869247.079644086,0.0
192,383,558438.350473112,4868897.079644086,0.0,558463.350473112,4868897.079644086,0.0
383,193,558463.350473112,4868897.079644086,0.0,558488.350473112,4868897.079644086,0.0
115,384,558488.350473112,4868497.079644086,0.0,558488.350473112,4868522.079644086,0.0
384,126,558488.350473112,4868522.079644086,0.0,558488.350473112,4868547.079644086,0.0
39,385,558788.350473112,4868097.079644086,0.0,558771.6838064453,4868113.746310753,0.0
385,386,558771.6838064453,4868113.746310753,0.0,558755.0171397786,4868130.412977419,0.0
386,47,558755.0171397786,4868130.412977419,0.0,558738.350473112,4868147.079644086,0.0
112,387,559288.350473112,4868447.079644086,0.0,559271.6838064453,4868463.746310753,0.0
387,388,559271.6838064453,4868463.746310753,0.0,559255.0171397786,4868480.412977419,0.0
388,118,559255.0171397786,4868480.412977419,0.0,559238.350473112,4868497.079644086,0.0
206,389,558188.350473112,4868997.079644086,0.0,558213.350473112,4868997.079644086,0.0
389,207,558213.350473112,4868997.079644086,0.0,558238.350473112,4868997.079644086,0.0
47,390,558738.350473112,4868147.079644086,0.0,558763.350473112,4868147.079644086,0.0
390,48,558763.350473112,4868147.079644086,0.0,558788.350473112,4868147.079644086,0.0
169,391,558188.350473112,4868797.079644086,0.0,558188.350473112,4868822.079644086,0.0
391,177,558188.350473112,4868822.079644086,0.0,558188.350473112,4868847.079644086,0.0
151,392,558038.350473112,4868697.079644086,0.0,558038.350473112,4868722.079644086,0.0
392,159,558038.350473112,4868722.079644086,0.0,558038.350473112,4868747.079644086,0.0
190,393,558288.350473112,4868897.079644086,0.0,558313.350473112,4868897.079644086,0.0
393,191,558313.350473112,4868897.079644086,0.0,558338.350473112,4868897.079644086,0.0
142,394,559188.350473112,4868597.079644086,0.0,559213.350473112,4868597.079644086,0.0
394,143,559213.350473112,4868597.079644086,0.0,559238.350473112,4868597.079644086,0.0
56,395,559188.350473112,4868147.079644086,0.0,559213.350473112,4868147.079644086,0.0
395,57,559213.350473112,4868147.079644086,0.0,559238.350473112,4868147.079644086,0.0
232,396,557838.350473112,4869347.079644086,0.0,557821.6838064453,4869363.746310753,0.0
396,397,557821.6838064453,4869363.746310753,0.0,557805.0171397786,4869380.412977419,0.0
397,233,557805.0171397786,4869380.412977419,0.0,557788.350473112,4869397.079644086,0.0
62,398,559488.350473112,4868147.079644086,0.0,559513.350473112,4868147.079644086,0.0
398,63,559513.350473112,4868147.079644086,0.0,559538.350473112,4868147.079644086,0.0
75,399,558338.350473112,4868197.079644086,0.0,558338.350473112,4868222.079644086,0.0
399,82,558338.350473112,4868222.079644086,0.0,558338.350473112,4868247.079644086,0.0
400,401,558005.0171397786,4868663.746310753,0.0,558021.6838064453,4868680.412977419,0.0
401,151,558021.6838064453,4868680.412977419,0.0,558038.350473112,4868697.079644086,0.0
106,402,559388.350473112,4868397.079644086,0.0,559413.350473112,4868397.079644086,0.0
402,107,559413.350473112,4868397.079644086,0.0,559438.350473112,4868397.079644086,0.0
168,403,558038.350473112,4868797.079644086,0.0,558038.350473112,4868822.079644086,0.0
403,176,558038.350473112,4868822.079644086,0.0,558038.350473112,4868847.079644086,0.0
65,404,559638.350473112,4868147.079644086,0.0,559663.350473112,4868147.079644086,0.0
404,66,559663.350473112,4868147.079644086,0.0,559688.350473112,4868147.079644086,0.0
71,405,559938.350473112,4868147.079644086,0.0,559963.350473112,4868147.079644086,0.0
405,72,559963.350473112,4868147.079644086,0.0,559988.350473112,4868147.079644086,0.0
47,406,558738.350473112,4868147.079644086,0.0,558738.350473112,4868172.079644086,0.0
406,77,558738.350473112,4868172.079644086,0.0,558738.350473112,4868197.079644086,0.0
128,407,558938.350473112,4868547.079644086,0.0,558963.350473112,4868547.079644086,0.0
407,129,558963.350473112,4868547.079644086,0.0,558988.350473112,4868547.079644086,0.0
27,408,558338.350473112,4868047.079644086,0.0,558338.350473112,4868072.079644086,0.0
408,37,558338.350473112,4868072.079644086,0.0,558338.350473112,4868097.079644086,0.0
182,409,558588.350473112,4868847.079644086,0.0,558571.6838064453,4868863.746310753,0.0
409,410,558571.6838064453,4868863.746310753,0.0,558555.0171397786,4868880.412977419,0.0
410,194,558555.0171397786,4868880.412977419,0.0,558538.350473112,4868897.079644086,0.0
193,411,558488.350473112,4868897.079644086,0.0,558513.350473112,4868897.079644086,0.0
411,194,558513.350473112,4868897.079644086,0.0,558538.350473112,4868897.079644086,0.0
128,412,558938.350473112,4868547.079644086,0.0,558921.6838064453,4868563.746310753,0.0
412,413,558921.6838064453,4868563.746310753,0.0,558905.0171397786,4868580.412977419,0.0
413,140,558905.0171397786,4868580.412977419,0.0,558888.350473112,4868597.079644086,0.0
146,414,558338.350473112,4868647.079644086,0.0,558321.6838064453,4868663.746310753,0.0
414,415,558321.6838064453,4868663.746310753,0.0,558305.0171397786,4868680.412977419,0.0
415,153,558305.0171397786,4868680.412977419,0.0,558288.350473112,4868697.079644086,0.0
79,416,559838.350473112,4868197.079644086,0.0,559863.350473112,4868197.079644086,0.0
416,80,559863.350473112,4868197.079644086,0.0,559888.350473112,4868197.079644086,0.0
163,417,558538.350473112,4868747.079644086,0.0,558521.6838064453,4868763.746310753,0.0
417,418,558521.6838064453,4868763.746310753,0.0,558505.0171397786,4868780.412977419,0.0
418,173,558505.0171397786,4868780.412977419,0.0,558488.350473112,4868797.079644086,0.0
230,419,557888.350473112,4869297.079644086,0.0,557871.6838064453,4869313.746310753,0.0
419,420,557871.6838064453,4869313.746310753,0.0,557855.0171397786,4869330.412977419,0.0
420,232,557855.0171397786,4869330.412977419,0.0,557838.350473112,4869347.079644086,0.0
22,421,558338.350473112,4867997.079644086,0.0,558338.350473112,4868022.079644086,0.0
421,27,558338.350473112,4868022.079644086,0.0,558338.350473112,4868047.079644086,0.0
63,422,559538.350473112,4868147.079644086,0.0,559563.350473112,4868147.079644086,0.0
422,64,559563.350473112,4868147.079644086,0.0,559588.350473112,4868147.079644086,0.0
79,423,559838.350473112,4868197.079644086,0.0,559821.6838064453,4868213.746310753,0.0
423,424,559821.6838064453,4868213.746310753,0.0,559805.0171397786,4868230.412977419,0.0
424,88,559805.0171397786,4868230.412977419,0.0,559788.350473112,4868247.079644086,0.0
149,425,558788.350473112,4868647.079644086,0.0,558771.6838064453,4868663.746310753,0.0
425,426,558771.6838064453,4868663.746310753,0.0,558755.0171397786,4868680.412977419,0.0
426,156,558755.0171397786,4868680.412977419,0.0,558738.350473112,4868697.079644086,0.0
227,427,558088.350473112,4869197.079644086,0.0,558113.350473112,4869197.079644086,0.0
427,228,558113.350473112,4869197.079644086,0.0,558138.350473112,4869197.079644086,0.0
69,428,559838.350473112,4868147.079644086,0.0,559863.350473112,4868147.079644086,0.0
428,70,559863.350473112,4868147.079644086,0.0,559888.350473112,4868147.079644086,0.0
137,429,558488.350473112,4868597.079644086,0.0,558488.350473112,4868622.079644086,0.0
429,147,558488.350473112,4868622.079644086,0.0,558488.350473112,4868647.079644086,0.0
107,430,559438.350473112,4868397.079644086,0.0,559463.350473112,4868397.079644086,0.0
430,108,559463.350473112,4868397.079644086,0.0,559488.350473112,4868397.079644086,0.0
196,431,558038.350473112,4868947.079644086,0.0,558038.350473112,4868972.079644086,0.0
431,204,558038.350473112,4868972.079644086,0.0,558038.350473112,4868997.079644086,0.0
100,432,559538.350473112,4868347.079644086,0.0,559521.6838064453,4868363.746310753,0.0
432,433,559521.6838064453,4868363.746310753,0.0,559505.0171397786,4868380.412977419,0.0
433,108,559505.0171397786,4868380.412977419,0.0,559488.350473112,4868397.079644086,0.0
32,434,559138.350473112,4868047.079644086,0.0,559163.350473112,4868047.079644086,0.0
434,33,559163.350473112,4868047.079644086,0.0,559188.350473112,4868047.079644086,0.0
171,435,558388.350473112,4868797.079644086,0.0,558388.350473112,4868822.079644086,0.0
435,178,558388.350473112,4868822.079644086,0.0,558388.350473112,4868847.079644086,0.0
72,436,559988.350473112,4868147.079644086,0.0,560013.350473112,4868147.079644086,0.0
436,73,560013.350473112,4868147.079644086,0.0,560038.350473112,4868147.079644086,0.0
198,437,558188.350473112,4868947.079644086,0.0,558188.350473112,4868972.079644086,0.0
437,206,558188.350473112,4868972.079644086,0.0,558188.350473112,4868997.079644086,0.0
155,438,558538.350473112,4868697.079644086,0.0,558538.350473112,4868722.079644086,0.0
438,163,558538.350473112,4868722.079644086,0.0,558538.350473112,4868747.079644086,0.0
208,439,558588.350473112,4868997.079644086,0.0,558571.6838064453,4869013.746310753,0.0
439,440,558571.6838064453,4869013.746310753,0.0,558555.0171397786,4869030.412977419,0.0
440,216,558555.0171397786,4869030.412977419,0.0,558538.350473112,4869047.079644086,0.0
66,441,559688.350473112,4868147.079644086,0.0,559713.350473112,4868147.079644086,0.0
441,67,559713.350473112,4868147.079644086,0.0,559738.350473112,4868147.079644086,0.0
104,442,558638.350473112,4868397.079644086,0.0,558621.6838064453,4868413.746310753,0.0
442,443,558621.6838064453,4868413.746310753,0.0,558605.0171397786,4868430.412977419,0.0
443,111,558605.0171397786,4868430.412977419,0.0,558588.350473112,4868447.079644086,0.0
109,444,558338.350473112,4868447.079644086,0.0,558338.350473112,4868472.079644086,0.0
444,114,558338.350473112,4868472.079644086,0.0,558338.350473112,4868497.079644086,0.0
212,445,558188.350473112,4869047.079644086,0.0,558171.6838064453,4869063.746310753,0.0
445,446,558171.6838064453,4869063.746310753,0.0,558155.0171397786,4869080.412977419,0.0
446,218,558155.0171397786,4869080.412977419,0.0,558138.350473112,4869097.079644086,0.0
76,447,558538.350473112,4868197.079644086,0.0,558538.350473112,4868222.079644086,0.0
447,83,558538.350473112,4868222.079644086,0.0,558538.350473112,4868247.079644086,0.0
110,448,558488.350473112,4868447.079644086,0.0,558488.350473112,4868472.079644086,0.0
448,115,558488.350473112,4868472.079644086,0.0,558488.350473112,4868497.079644086,0.0
129,449,558988.350473112,4868547.079644086,0.0,559013.350473112,4868547.079644086,0.0
449,130,559013.350473112,4868547.079644086,0.0,559038.350473112,4868547.079644086,0.0
150,450,559088.350473112,4868647.079644086,0.0,559071.6838064453,4868663.746310753,0.0
450,451,559071.6838064453,4868663.746310753,0.0,559055.0171397786,4868680.412977419,0.0
451,158,559055.0171397786,4868680.412977419,0.0,559038.350473112,4868697.079644086,0.0
166,452,558888.350473112,4868747.079644086,0.0,558871.6838064453,4868763.746310753,0.0
452,453,558871.6838064453,4868763.746310753,0.0,558855.0171397786,4868780.412977419,0.0
453,175,558855.0171397786,4868780.412977419,0.0,558838.350473112,4868797.079644086,0.0
30,454,559038.350473112,4868047.079644086,0.0,559063.350473112,4868047.079644086,0.0
454,31,559063.350473112,4868047.079644086,0.0,559088.350473112,4868047.079644086,0.0
132,455,559138.350473112,4868547.079644086,0.0,559163.350473112,4868547.079644086,0.0
455,133,559163.350473112,4868547.079644086,0.0,559188.350473112,4868547.079644086,0.0
214,456,558438.350473112,4869047.079644086,0.0,558463.350473112,4869047.079644086,0.0
456,215,558463.350473112,4869047.079644086,0.0,558488.350473112,4869047.079644086,0.0
24,457,558838.350473112,4867997.079644086,0.0,558838.350473112,4868022.079644086,0.0
457,29,558838.350473112,4868022.079644086,0.0,558838.350473112,4868047.079644086,0.0
458,234,557771.6838064453,4869430.412977419,0.0,557788.350473112,4869447.079644086,0.0
213,459,558388.350473112,4869047.079644086,0.0,558371.6838064453,4869063.746310753,0.0
459,460,558371.6838064453,4869063.746310753,0.0,558355.0171397786,4869080.412977419,0.0
460,221,558355.0171397786,4869080.412977419,0.0,558338.350473112,4869097.079644086,0.0
99,461,559438.350473112,4868347.079644086,0.0,559455.0171397786,4868363.746310753,0.0
461,462,559455.0171397786,4868363.746310753,0.0,559471.6838064453,4868380.412977419,0.0
462,108,559471.6838064453,4868380.412977419,0.0,559488.350473112,4868397.079644086,0.0
21,463,558888.350473112,4867947.079644086,0.0,558871.6838064453,4867963.746310753,0.0
463,464,558871.6838064453,4867963.746310753,0.0,558855.0171397786,4867980.412977419,0.0
464,24,558855.0171397786,4867980.412977419,0.0,558838.350473112,4867997.079644086,0.0
204,465,558038.350473112,4868997.079644086,0.0,558038.350473112,4869022.079644086,0.0
465,210,558038.350473112,4869022.079644086,0.0,558038.350473112,4869047.079644086,0.0
87,466,559388.350473112,4868247.079644086,0.0,559388.350473112,4868272.079644086,0.0
466,92,559388.350473112,4868272.079644086,0.0,559388.350473112,4868297.079644086,0.0
73,467,560038.350473112,4868147.079644086,0.0,560063.350473112,4868147.079644086,0.0
467,74,560063.350473112,4868147.079644086,0.0,560088.350473112,4868147.079644086,0.0
192,468,558438.350473112,4868897.079644086,0.0,558421.6838064453,4868913.746310753,0.0
468,469,558421.6838064453,4868913.746310753,0.0,558405.0171397786,4868930.412977419,0.0
469,202,558405.0171397786,4868930.412977419,0.0,558388.350473112,4868947.079644086,0.0
35,470,560238.350473112,4868047.079644086,0.0,560263.350473112,4868047.079644086,0.0
470,36,560263.350473112,4868047.079644086,0.0,560288.350473112,4868047.079644086,0.0
144,471,558238.350473112,4868647.079644086,0.0,558263.350473112,4868647.079644086,0.0
471,145,558263.350473112,4868647.079644086,0.0,558288.350473112,4868647.079644086,0.0
160,472,558188.350473112,4868747.079644086,0.0,558188.350473112,4868772.079644086,0.0
472,169,558188.350473112,4868772.079644086,0.0,558188.350473112,4868797.079644086,0.0
37,473,558338.350473112,4868097.079644086,0.0,558338.350473112,4868122.079644086,0.0
473,42,558338.350473112,4868122.079644086,0.0,558338.350473112,4868147.079644086,0.0
224,474,558188.350473112,4869147.079644086,0.0,558171.6838064453,4869163.746310753,0.0
474,475,558171.6838064453,4869163.746310753,0.0,558155.0171397786,4869180.412977419,0.0
475,228,558155.0171397786,4869180.412977419,0.0,558138.350473112,4869197.079644086,0.0
21,476,558888.350473112,4867947.079644086,0.0,558905.0171397786,4867963.746310753,0.0
476,477,558905.0171397786,4867963.746310753,0.0,558921.6838064453,4867980.412977419,0.0
477,25,558921.6838064453,4867980.412977419,0.0,558938.350473112,4867997.079644086,0.0
83,478,558538.350473112,4868247.079644086,0.0,558521.6838064453,4868263.746310753,0.0
478,479,558521.6838064453,4868263.746310753,0.0,558505.0171397786,4868280.412977419,0.0
479,90,558505.0171397786,4868280.412977419,0.0,558488.350473112,4868297.079644086,0.0
93,480,559638.350473112,4868297.079644086,0.0,559621.6838064453,4868313.746310753,0.0
480,481,559621.6838064453,4868313.746310753,0.0,559605.0171397786,4868330.412977419,0.0
481,101,559605.0171397786,4868330.412977419,0.0,559588.350473112,4868347.079644086,0.0
190,482,558288.350473112,4868897.079644086,0.0,558271.6838064453,4868913.746310753,0.0
482,483,558271.6838064453,4868913.746310753,0.0,558255.0171397786,4868930.412977419,0.0
483,199,558255.0171397786,4868930.412977419,0.0,558238.350473112,4868947.079644086,0.0
41,484,560138.350473112,4868097.079644086,0.0,560121.6838064453,4868113.746310753,0.0
484,485,560121.6838064453,4868113.746310753,0.0,560105.0171397786,4868130.412977419,0.0
485,74,560105.0171397786,4868130.412977419,0.0,560088.350473112,4868147.079644086,0.0
98,486,558638.350473112,4868347.079644086,0.0,558638.350473112,4868372.079644086,0.0
486,104,558638.350473112,4868372.079644086,0.0,558638.350473112,4868397.079644086,0.0
218,487,558138.350473112,4869097.079644086,0.0,558121.6838064453,4869113.746310753,0.0
487,488,558121.6838064453,4869113.746310753,0.0,558105.0171397786,4869130.412977419,0.0
488,223,558105.0171397786,4869130.412977419,0.0,558088.350473112,4869147.079644086,0.0
180,489,558488.350473112,4868847.079644086,0.0,558513.350473112,4868847.079644086,0.0
489,181,558513.350473112,4868847.079644086,0.0,558538.350473112,4868847.079644086,0.0
226,490,558038.350473112,4869197.079644086,0.0,558021.6838064453,4869213.746310753,0.0
490,491,558021.6838064453,4869213.746310753,0.0,558005.0171397786,4869230.412977419,0.0
491,229,558005.0171397786,4869230.412977419,0.0,557988.350473112,4869247.079644086,0.0
120,492,559338.350473112,4868497.079644086,0.0,559363.350473112,4868497.079644086,0.0
492,121,559363.350473112,4868497.079644086,0.0,559388.350473112,4868497.079644086,0.0
152,493,558238.350473112,4868697.079644086,0.0,558221.6838064453,4868713.746310753,0.0
493,494,558221.6838064453,4868713.746310753,0.0,558205.0171397786,4868730.412977419,0.0
494,160,558205.0171397786,4868730.412977419,0.0,558188.350473112,4868747.079644086,0.0
84,495,558738.350473112,4868247.079644086,0.0,558721.6838064453,4868263.746310753,0.0
495,496,558721.6838064453,4868263.746310753,0.0,558705.0171397786,4868280.412977419,0.0
496,91,558705.0171397786,4868280.412977419,0.0,558688.350473112,4868297.079644086,0.0
97,497,558488.350473112,4868347.079644086,0.0,558488.350473112,4868372.079644086,0.0
497,103,558488.350473112,4868372.079644086,0.0,558488.350473112,4868397.079644086,0.0
498,0,558521.6838064453,4867230.412977419,0.0,558538.350473112,4867247.079644086,0.0
113,499,559488.350473112,4868447.079644086,0.0,559488.350473112,4868472.079644086,0.0
499,123,559488.350473112,4868472.079644086,0.0,559488.350473112,4868497.079644086,0.0
126,500,558488.350473112,4868547.079644086,0.0,558488.350473112,4868572.079644086,0.0
500,137,558488.350473112,4868572.079644086,0.0,558488.350473112,4868597.079644086,0.0
92,501,559388.350473112,4868297.079644086,0.0,559405.0171397786,4868313.746310753,0.0
501,502,559405.0171397786,4868313.746310753,0.0,559421.6838064453,4868330.412977419,0.0
502,99,559421.6838064453,4868330.412977419,0.0,559438.350473112,4868347.079644086,0.0
205,503,558138.350473112,4868997.079644086,0.0,558138.350473112,4869022.079644086,0.0
503,211,558138.350473112,4869022.079644086,0.0,558138.350473112,4869047.079644086,0.0
170,504,558238.350473112,4868797.079644086,0.0,558221.6838064453,4868813.746310753,0.0
504,505,558221.6838064453,4868813.746310753,0.0,558205.0171397786,4868830.412977419,0.0
505,177,558205.0171397786,4868830.412977419,0.0,558188.350473112,4868847.079644086,0.0
183,506,558638.350473112,4868847.079644086,0.0,558663.350473112,4868847.079644086,0.0
506,184,558663.350473112,4868847.079644086,0.0,558688.350473112,4868847.079644086,0.0
219,507,558238.350473112,4869097.079644086,0.0,558263.350473112,4869097.079644086,0.0
507,220,558263.350473112,4869097.079644086,0.0,558288.350473112,4869097.079644086,0.0
29,508,558838.350473112,4868047.079644086,0.0,558821.6838064453,4868063.746310753,0.0
508,509,558821.6838064453,4868063.746310753,0.0,558805.0171397786,4868080.412977419,0.0
509,39,558805.0171397786,4868080.412977419,0.0,558788.350473112,4868097.079644086,0.0
123,510,559488.350473112,4868497.079644086,0.0,559513.350473112,4868497.079644086,0.0
510,124,559513.350473112,4868497.079644086,0.0,559538.350473112,4868497.079644086,0.0
162,511,558438.350473112,4868747.079644086,0.0,558438.350473112,4868772.079644086,0.0
511,172,558438.350473112,4868772.079644086,0.0,558438.350473112,4868797.079644086,0.0
175,512,558838.350473112,4868797.079644086,0.0,558821.6838064453,4868813.746310753,0.0
512,513,558821.6838064453,4868813.746310753,0.0,558805.0171397786,4868830.412977419,0.0
513,186,558805.0171397786,4868830.412977419,0.0,558788.350473112,4868847.079644086,0.0
117,514,559188.350473112,4868497.079644086,0.0,559171.6838064453,4868513.746310753,0.0
514,515,559171.6838064453,4868513.746310753,0.0,559155.0171397786,4868530.412977419,0.0
515,132,559155.0171397786,4868530.412977419,0.0,559138.350473112,4868547.079644086,0.0
147,516,558488.350473112,4868647.079644086,0.0,558488.350473112,4868672.079644086,0.0
516,154,558488.350473112,4868672.079644086,0.0,558488.350473112,4868697.079644086,0.0
230,517,557888.350473112,4869297.079644086,0.0,557913.350473112,4869297.079644086,0.0
517,231,557913.350473112,4869297.079644086,0.0,557938.350473112,4869297.079644086,0.0
103,518,558488.350473112,4868397.079644086,0.0,558488.350473112,4868422.079644086,0.0
518,110,558488.350473112,4868422.079644086,0.0,558488.350473112,4868447.079644086,0.0
210,519,558038.350473112,4869047.079644086,0.0,558038.350473112,4869072.079644086,0.0
519,217,558038.350473112,4869072.079644086,0.0,558038.350473112,4869097.079644086,0.0
121,520,559388.350473112,4868497.079644086,0.0,559413.350473112,4868497.079644086,0.0
520,122,559413.350473112,4868497.079644086,0.0,559438.350473112,4868497.079644086,0.0
16,521,558738.350473112,4867847.079644086,0.0,558763.350473112,4867847.079644086,0.0
521,17,558763.350473112,4867847.079644086,0.0,558788.350473112,4867847.079644086,0.0
0,522,558538.350473112,4867247.079644086,0.0,558538.350473112,4867272.079644086,0.0
522,1,558538.350473112,4867272.079644086,0.0,558538.350473112,4867297.079644086,0.0
94,523,559688.350473112,4868297.079644086,0.0,559713.350473112,4868297.079644086,0.0
523,95,559713.350473112,4868297.079644086,0.0,559738.350473112,4868297.079644086,0.0
174,524,558588.350473112,4868797.079644086,0.0,558571.6838064453,4868813.746310753,0.0
524,525,558571.6838064453,4868813.746310753,0.0,558555.0171397786,4868830.412977419,0.0
525,181,558555.0171397786,4868830.412977419,0.0,558538.350473112,4868847.079644086,0.0
139,526,558838.350473112,4868597.079644086,0.0,558821.6838064453,4868613.746310753,0.0
526,527,558821.6838064453,4868613.746310753,0.0,558805.0171397786,4868630.412977419,0.0
527,149,558805.0171397786,4868630.412977419,0.0,558788.350473112,4868647.079644086,0.0
141,528,559138.350473112,4868597.079644086,0.0,559121.6838064453,4868613.746310753,0.0
528,529,559121.6838064453,4868613.746310753,0.0,559105.0171397786,4868630.412977419,0.0
529,150,559105.0171397786,4868630.412977419,0.0,559088.350473112,4868647.079644086,0.0
156,530,558738.350473112,4868697.079644086,0.0,558721.6838064453,4868713.746310753,0.0
530,531,558721.6838064453,4868713.746310753,0.0,558705.0171397786,4868730.412977419,0.0
531,165,558705.0171397786,4868730.412977419,0.0,558688.350473112,4868747.079644086,0.0
43,532,558538.350473112,4868147.079644086,0.0,558538.350473112,4868172.079644086,0.0
532,76,558538.350473112,4868172.079644086,0.0,558538.350473112,4868197.079644086,0.0
220,533,558288.350473112,4869097.079644086,0.0,558313.350473112,4869097.079644086,0.0
533,221,558313.350473112,4869097.079644086,0.0,558338.350473112,4869097.079644086,0.0
132,534,559138.350473112,4868547.079644086,0.0,559138.350473112,4868572.079644086,0.0
534,141,559138.350473112,4868572.079644086,0.0,559138.350473112,4868597.079644086,0.0
6,535,558538.350473112,4867547.079644086,0.0,558538.350473112,4867572.079644086,0.0
535,7,558538.350473112,4867572.079644086,0.0,558538.350473112,4867597.079644086,0.0
200,536,558288.350473112,4868947.079644086,0.0,558271.6838064453,4868963.746310753,0.0
536,537,558271.6838064453,4868963.746310753,0.0,558255.0171397786,4868980.412977419,0.0
537,207,558255.0171397786,4868980.412977419,0.0,558238.350473112,4868997.079644086,0.0
14,538,558688.350473112,4867797.079644086,0.0,558705.0171397786,4867813.746310753,0.0
538,539,558705.0171397786,4867813.746310753,0.0,558721.6838064453,4867830.412977419,0.0
539,16,558721.6838064453,4867830.412977419,0.0,558738.350473112,4867847.079644086,0.0
44,540,558588.350473112,4868147.079644086,0.0,558613.350473112,4868147.079644086,0.0
540,45,558613.350473112,4868147.079644086,0.0,558638.350473112,4868147.079644086,0.0
541,10,558513.350473112,4867747.079644086,0.0,558538.350473112,4867747.079644086,0.0
188,542,558138.350473112,4868897.079644086,0.0,558138.350473112,4868922.079644086,0.0
542,197,558138.350473112,4868922.079644086,0.0,558138.350473112,4868947.079644086,0.0
203,543,558688.350473112,4868947.079644086,0.0,558671.6838064453,4868963.746310753,0.0
543,544,558671.6838064453,4868963.746310753,0.0,558655.0171397786,4868980.412977419,0.0
544,209,558655.0171397786,4868980.412977419,0.0,558638.350473112,4868997.079644086,0.0
50,545,558888.350473112,4868147.079644086,0.0,558913.350473112,4868147.079644086,0.0
545,51,558913.350473112,4868147.079644086,0.0,558938.350473112,4868147.079644086,0.0
182,546,558588.350473112,4868847.079644086,0.0,558613.350473112,4868847.079644086,0.0
546,183,558613.350473112,4868847.079644086,0.0,558638.350473112,4868847.079644086,0.0
53,547,559038.350473112,4868147.079644086,0.0,559063.350473112,4868147.079644086,0.0
547,54,559063.350473112,4868147.079644086,0.0,559088.350473112,4868147.079644086,0.0
166,548,558888.350473112,4868747.079644086,0.0,558913.350473112,4868747.079644086,0.0
548,167,558913.350473112,4868747.079644086,0.0,558938.350473112,4868747.079644086,0.0
111,549,558588.350473112,4868447.079644086,0.0,558571.6838064453,4868463.746310753,0.0
549,550,558571.6838064453,4868463.746310753,0.0,558555.0171397786,4868480.412977419,0.0
550,116,558555.0171397786,4868480.412977419,0.0,558538.350473112,4868497.079644086,0.0
116,551,558538.350473112,4868497.079644086,0.0,558538.350473112,4868522.079644086,0.0
551,127,558538.350473112,4868522.079644086,0.0,558538.350473112,4868547.079644086,0.0
233,552,557788.350473112,4869397.079644086,0.0,557788.350473112,4869422.079644086,0.0
552,234,557788.350473112,4869422.079644086,0.0,557788.350473112,4869447.079644086,0.0
1,553,558538.350473112,4867297.079644086,0.0,558538.350473112,4867322.079644086,0.0
553,2,558538.350473112,4867322.079644086,0.0,558538.350473112,4867347.079644086,0.0
51,554,558938.350473112,4868147.079644086,0.0,558963.350473112,4868147.079644086,0.0
554,52,558963.350473112,4868147.079644086,0.0,558988.350473112,4868147.079644086,0.0
57,555,559238.350473112,4868147.079644086,0.0,559263.350473112,4868147.079644086,0.0
555,58,559263.350473112,4868147.079644086,0.0,559288.350473112,4868147.079644086,0.0
3,556,558538.350473112,4867397.079644086,0.0,558538.350473112,4867422.079644086,0.0
556,4,558538.350473112,4867422.079644086,0.0,558538.350473112,4867447.079644086,0.0
15,557,558538.350473112,4867847.079644086,0.0,558538.350473112,4867872.079644086,0.0
557,18,558538.350473112,4867872.079644086,0.0,558538.350473112,4867897.079644086,0.0
