from_id,to_id,x_0,y_0,z_0,x_1,y_1,z_1,is_conduit
261.0,521.0,558438.350473112,4868247.079644086,0.0,558421.6838064453,4868263.746310753,0.0,True
521.0,522.0,558421.6838064453,4868263.746310753,0.0,558405.0171397786,4868280.412977419,0.0,True
522.0,523.0,558405.0171397786,4868280.412977419,0.0,558388.350473112,4868297.079644086,0.0,True
523.0,524.0,558388.350473112,4868297.079644086,0.0,558371.6838064453,4868313.746310753,0.0,True
524.0,525.0,558371.6838064453,4868313.746310753,0.0,558355.0171397786,4868330.412977419,0.0,True
525.0,287.0,558355.0171397786,4868330.412977419,0.0,558338.350473112,4868347.079644086,0.0,True
409.0,545.0,558038.350473112,4868947.079644086,0.0,558038.350473112,4868972.079644086,0.0,True
545.0,546.0,558038.350473112,4868972.079644086,0.0,558038.350473112,4868997.079644086,0.0,True
546.0,547.0,558038.350473112,4868997.079644086,0.0,558038.350473112,4869022.079644086,0.0,True
547.0,423.0,558038.350473112,4869022.079644086,0.0,558038.350473112,4869047.079644086,0.0,True
335.0,551.0,558238.350473112,4868547.079644086,0.0,558238.350473112,4868572.079644086,0.0,True
551.0,552.0,558238.350473112,4868572.079644086,0.0,558238.350473112,4868597.079644086,0.0,True
552.0,553.0,558238.350473112,4868597.079644086,0.0,558238.350473112,4868622.079644086,0.0,True
553.0,357.0,558238.350473112,4868622.079644086,0.0,558238.350473112,4868647.079644086,0.0,True
273.0,571.0,559638.350473112,4868247.079644086,0.0,559663.350473112,4868247.079644086,0.0,True
571.0,572.0,559663.350473112,4868247.079644086,0.0,559688.350473112,4868247.079644086,0.0,True
572.0,573.0,559688.350473112,4868247.079644086,0.0,559713.350473112,4868247.079644086,0.0,True
573.0,274.0,559713.350473112,4868247.079644086,0.0,559738.350473112,4868247.079644086,0.0,True
345.0,728.0,559238.350473112,4868547.079644086,0.0,559263.350473112,4868547.079644086,0.0,True
728.0,729.0,559263.350473112,4868547.079644086,0.0,559288.350473112,4868547.079644086,0.0,True
729.0,730.0,559288.350473112,4868547.079644086,0.0,559313.350473112,4868547.079644086,0.0,True
730.0,346.0,559313.350473112,4868547.079644086,0.0,559338.350473112,4868547.079644086,0.0,True
19.0,852.0,558438.350473112,4867347.079644086,0.0,558438.350473112,4867372.079644086,0.0,True
852.0,853.0,558438.350473112,4867372.079644086,0.0,558438.350473112,4867397.079644086,0.0,True
853.0,854.0,558438.350473112,4867397.079644086,0.0,558438.350473112,4867422.079644086,0.0,True
854.0,40.0,558438.350473112,4867422.079644086,0.0,558438.350473112,4867447.079644086,0.0,True
299.0,863.0,559538.350473112,4868347.079644086,0.0,559521.6838064453,4868363.746310753,0.0,True
863.0,864.0,559521.6838064453,4868363.746310753,0.0,559505.0171397786,4868380.412977419,0.0,True
864.0,865.0,559505.0171397786,4868380.412977419,0.0,559488.350473112,4868397.079644086,0.0,True
865.0,866.0,559488.350473112,4868397.079644086,0.0,559471.6838064453,4868413.746310753,0.0,True
866.0,867.0,559471.6838064453,4868413.746310753,0.0,559455.0171397786,4868430.412977419,0.0,True
867.0,323.0,559455.0171397786,4868430.412977419,0.0,559438.350473112,4868447.079644086,0.0,True
312.0,1052.0,558338.350473112,4868447.079644086,0.0,558321.6838064453,4868463.746310753,0.0,True
1052.0,1053.0,558321.6838064453,4868463.746310753,0.0,558305.0171397786,4868480.412977419,0.0,True
1053.0,1054.0,558305.0171397786,4868480.412977419,0.0,558288.350473112,4868497.079644086,0.0,True
1054.0,1055.0,558288.350473112,4868497.079644086,0.0,558271.6838064453,4868513.746310753,0.0,True
1055.0,1056.0,558271.6838064453,4868513.746310753,0.0,558255.0171397786,4868530.412977419,0.0,True
1056.0,335.0,558255.0171397786,4868530.412977419,0.0,558238.350473112,4868547.079644086,0.0,True
394.0,1092.0,558138.350473112,4868847.079644086,0.0,558121.6838064453,4868863.746310753,0.0,True
1092.0,1093.0,558121.6838064453,4868863.746310753,0.0,558105.0171397786,4868880.412977419,0.0,True
1093.0,1094.0,558105.0171397786,4868880.412977419,0.0,558088.350473112,4868897.079644086,0.0,True
1094.0,1095.0,558088.350473112,4868897.079644086,0.0,558071.6838064453,4868913.746310753,0.0,True
1095.0,1096.0,558071.6838064453,4868913.746310753,0.0,558055.0171397786,4868930.412977419,0.0,True
1096.0,409.0,558055.0171397786,4868930.412977419,0.0,558038.350473112,4868947.079644086,0.0,True
2.0,1137.0,558438.350473112,4867247.079644086,0.0,558438.350473112,4867272.079644086,0.0,True
1137.0,1138.0,558438.350473112,4867272.079644086,0.0,558438.350473112,4867297.079644086,0.0,True
1138.0,1139.0,558438.350473112,4867297.079644086,0.0,558438.350473112,4867322.079644086,0.0,True
1139.0,19.0,558438.350473112,4867322.079644086,0.0,558438.350473112,4867347.079644086,0.0,True
400.0,1175.0,558738.350473112,4868847.079644086,0.0,558721.6838064453,4868863.746310753,0.0,True
1175.0,1176.0,558721.6838064453,4868863.746310753,0.0,558705.0171397786,4868880.412977419,0.0,True
1176.0,1177.0,558705.0171397786,4868880.412977419,0.0,558688.350473112,4868897.079644086,0.0,True
1177.0,1178.0,558688.350473112,4868897.079644086,0.0,558671.6838064453,4868913.746310753,0.0,True
1178.0,1179.0,558671.6838064453,4868913.746310753,0.0,558655.0171397786,4868930.412977419,0.0,True
1179.0,415.0,558655.0171397786,4868930.412977419,0.0,558638.350473112,4868947.079644086,0.0,True
423.0,1203.0,558038.350473112,4869047.079644086,0.0,558021.6838064453,4869063.746310753,0.0,True
1203.0,1204.0,558021.6838064453,4869063.746310753,0.0,558005.0171397786,4869080.412977419,0.0,True
1204.0,1205.0,558005.0171397786,4869080.412977419,0.0,557988.350473112,4869097.079644086,0.0,True
1205.0,1206.0,557988.350473112,4869097.079644086,0.0,557971.6838064453,4869113.746310753,0.0,True
1206.0,1207.0,557971.6838064453,4869113.746310753,0.0,557955.0171397786,4869130.412977419,0.0,True
1207.0,434.0,557955.0171397786,4869130.412977419,0.0,557938.350473112,4869147.079644086,0.0,True
275.0,1208.0,559838.350473112,4868247.079644086,0.0,559863.350473112,4868247.079644086,0.0,True
1208.0,1209.0,559863.350473112,4868247.079644086,0.0,559888.350473112,4868247.079644086,0.0,True
1209.0,1210.0,559888.350473112,4868247.079644086,0.0,559913.350473112,4868247.079644086,0.0,True
1210.0,276.0,559913.350473112,4868247.079644086,0.0,559938.350473112,4868247.079644086,0.0,True
276.0,1216.0,559938.350473112,4868247.079644086,0.0,559963.350473112,4868247.079644086,0.0,True
1216.0,1217.0,559963.350473112,4868247.079644086,0.0,559988.350473112,4868247.079644086,0.0,True
1217.0,1218.0,559988.350473112,4868247.079644086,0.0,560013.350473112,4868247.079644086,0.0,True
1218.0,277.0,560013.350473112,4868247.079644086,0.0,560038.350473112,4868247.079644086,0.0,True
408.0,1330.0,557938.350473112,4868947.079644086,0.0,557938.350473112,4868972.079644086,0.0,True
1330.0,1331.0,557938.350473112,4868972.079644086,0.0,557938.350473112,4868997.079644086,0.0,True
1331.0,1332.0,557938.350473112,4868997.079644086,0.0,557938.350473112,4869022.079644086,0.0,True
1332.0,422.0,557938.350473112,4869022.079644086,0.0,557938.350473112,4869047.079644086,0.0,True
414.0,1367.0,558538.350473112,4868947.079644086,0.0,558563.350473112,4868947.079644086,0.0,True
1367.0,1368.0,558563.350473112,4868947.079644086,0.0,558588.350473112,4868947.079644086,0.0,True
1368.0,1369.0,558588.350473112,4868947.079644086,0.0,558613.350473112,4868947.079644086,0.0,True
1369.0,415.0,558613.350473112,4868947.079644086,0.0,558638.350473112,4868947.079644086,0.0,True
311.0,1463.0,558238.350473112,4868447.079644086,0.0,558238.350473112,4868472.079644086,0.0,True
1463.0,1464.0,558238.350473112,4868472.079644086,0.0,558238.350473112,4868497.079644086,0.0,True
1464.0,1465.0,558238.350473112,4868497.079644086,0.0,558238.350473112,4868522.079644086,0.0,True
1465.0,335.0,558238.350473112,4868522.079644086,0.0,558238.350473112,4868547.079644086,0.0,True
232.0,1551.0,558438.350473112,4868147.079644086,0.0,558438.350473112,4868172.079644086,0.0,True
1551.0,1552.0,558438.350473112,4868172.079644086,0.0,558438.350473112,4868197.079644086,0.0,True
1552.0,1553.0,558438.350473112,4868197.079644086,0.0,558438.350473112,4868222.079644086,0.0,True
1553.0,261.0,558438.350473112,4868222.079644086,0.0,558438.350473112,4868247.079644086,0.0,True
357.0,1562.0,558238.350473112,4868647.079644086,0.0,558238.350473112,4868672.079644086,0.0,True
1562.0,1563.0,558238.350473112,4868672.079644086,0.0,558238.350473112,4868697.079644086,0.0,True
1563.0,1564.0,558238.350473112,4868697.079644086,0.0,558238.350473112,4868722.079644086,0.0,True
1564.0,377.0,558238.350473112,4868722.079644086,0.0,558238.350473112,4868747.079644086,0.0,True
383.0,1642.0,558838.350473112,4868747.079644086,0.0,558863.350473112,4868747.079644086,0.0,True
1642.0,1643.0,558863.350473112,4868747.079644086,0.0,558888.350473112,4868747.079644086,0.0,True
1643.0,1644.0,558888.350473112,4868747.079644086,0.0,558913.350473112,4868747.079644086,0.0,True
1644.0,384.0,558913.350473112,4868747.079644086,0.0,558938.350473112,4868747.079644086,0.0,True
414.0,1950.0,558538.350473112,4868947.079644086,0.0,558521.6838064453,4868963.746310753,0.0,True
1950.0,1951.0,558521.6838064453,4868963.746310753,0.0,558505.0171397786,4868980.412977419,0.0,True
1951.0,1952.0,558505.0171397786,4868980.412977419,0.0,558488.350473112,4868997.079644086,0.0,True
1952.0,1953.0,558488.350473112,4868997.079644086,0.0,558471.6838064453,4869013.746310753,0.0,True
1953.0,1954.0,558471.6838064453,4869013.746310753,0.0,558455.0171397786,4869030.412977419,0.0,True
1954.0,427.0,558455.0171397786,4869030.412977419,0.0,558438.350473112,4869047.079644086,0.0,True
426.0,2052.0,558338.350473112,4869047.079644086,0.0,558363.350473112,4869047.079644086,0.0,True
2052.0,2053.0,558363.350473112,4869047.079644086,0.0,558388.350473112,4869047.079644086,0.0,True
2053.0,2054.0,558388.350473112,4869047.079644086,0.0,558413.350473112,4869047.079644086,0.0,True
2054.0,427.0,558413.350473112,4869047.079644086,0.0,558438.350473112,4869047.079644086,0.0,True
422.0,2119.0,557938.350473112,4869047.079644086,0.0,557938.350473112,4869072.079644086,0.0,True
2119.0,2120.0,557938.350473112,4869072.079644086,0.0,557938.350473112,4869097.079644086,0.0,True
2120.0,2121.0,557938.350473112,4869097.079644086,0.0,557938.350473112,4869122.079644086,0.0,True
2121.0,434.0,557938.350473112,4869122.079644086,0.0,557938.350473112,4869147.079644086,0.0,True
376.0,2191.0,558138.350473112,4868747.079644086,0.0,558121.6838064453,4868763.746310753,0.0,True
2191.0,2192.0,558121.6838064453,4868763.746310753,0.0,558105.0171397786,4868780.412977419,0.0,True
2192.0,2193.0,558105.0171397786,4868780.412977419,0.0,558088.350473112,4868797.079644086,0.0,True
2193.0,2194.0,558088.350473112,4868797.079644086,0.0,558071.6838064453,4868813.746310753,0.0,True
2194.0,2195.0,558071.6838064453,4868813.746310753,0.0,558055.0171397786,4868830.412977419,0.0,True
2195.0,393.0,558055.0171397786,4868830.412977419,0.0,558038.350473112,4868847.079644086,0.0,True
2281.0,2282.0,558338.350473112,4867997.079644086,0.0,558338.350473112,4868022.079644086,0.0,True
2282.0,202.0,558338.350473112,4868022.079644086,0.0,558338.350473112,4868047.079644086,0.0,True
117.0,2403.0,558438.350473112,4867747.079644086,0.0,558463.350473112,4867747.079644086,0.0,True
2403.0,2404.0,558463.350473112,4867747.079644086,0.0,558488.350473112,4867747.079644086,0.0,True
2404.0,2405.0,558488.350473112,4867747.079644086,0.0,558513.350473112,4867747.079644086,0.0,True
231.0,2461.0,558338.350473112,4868147.079644086,0.0,558338.350473112,4868172.079644086,0.0,True
2461.0,2462.0,558338.350473112,4868172.079644086,0.0,558338.350473112,4868197.079644086,0.0,True
2462.0,2463.0,558338.350473112,4868197.079644086,0.0,558338.350473112,4868222.079644086,0.0,True
2463.0,260.0,558338.350473112,4868222.079644086,0.0,558338.350473112,4868247.079644086,0.0,True
356.0,2508.0,558138.350473112,4868647.079644086,0.0,558138.350473112,4868672.079644086,0.0,True
2508.0,2509.0,558138.350473112,4868672.079644086,0.0,558138.350473112,4868697.079644086,0.0,True
2509.0,2510.0,558138.350473112,4868697.079644086,0.0,558138.350473112,4868722.079644086,0.0,True
2510.0,376.0,558138.350473112,4868722.079644086,0.0,558138.350473112,4868747.079644086,0.0,True
203.0,2570.0,558438.350473112,4868047.079644086,0.0,558438.350473112,4868072.079644086,0.0,True
2570.0,2571.0,558438.350473112,4868072.079644086,0.0,558438.350473112,4868097.079644086,0.0,True
2571.0,2572.0,558438.350473112,4868097.079644086,0.0,558438.350473112,4868122.079644086,0.0,True
2572.0,232.0,558438.350473112,4868122.079644086,0.0,558438.350473112,4868147.079644086,0.0,True
374.0,2624.0,557938.350473112,4868747.079644086,0.0,557938.350473112,4868772.079644086,0.0,True
2624.0,2625.0,557938.350473112,4868772.079644086,0.0,557938.350473112,4868797.079644086,0.0,True
2625.0,2626.0,557938.350473112,4868797.079644086,0.0,557938.350473112,4868822.079644086,0.0,True
2626.0,392.0,557938.350473112,4868822.079644086,0.0,557938.350473112,4868847.079644086,0.0,True
273.0,2731.0,559638.350473112,4868247.079644086,0.0,559621.6838064453,4868263.746310753,0.0,True
2731.0,2732.0,559621.6838064453,4868263.746310753,0.0,559605.0171397786,4868280.412977419,0.0,True
2732.0,2733.0,559605.0171397786,4868280.412977419,0.0,559588.350473112,4868297.079644086,0.0,True
2733.0,2734.0,559588.350473112,4868297.079644086,0.0,559571.6838064453,4868313.746310753,0.0,True
2734.0,2735.0,559571.6838064453,4868313.746310753,0.0,559555.0171397786,4868330.412977419,0.0,True
2735.0,299.0,559555.0171397786,4868330.412977419,0.0,559538.350473112,4868347.079644086,0.0,True
435.0,2903.0,558038.350473112,4869147.079644086,0.0,558038.350473112,4869172.079644086,0.0,True
2903.0,2904.0,558038.350473112,4869172.079644086,0.0,558038.350473112,4869197.079644086,0.0,True
2904.0,2905.0,558038.350473112,4869197.079644086,0.0,558038.350473112,4869222.079644086,0.0,True
2905.0,444.0,558038.350473112,4869222.079644086,0.0,558038.350473112,4869247.079644086,0.0,True
425.0,2912.0,558238.350473112,4869047.079644086,0.0,558221.6838064453,4869063.746310753,0.0,True
2912.0,2913.0,558221.6838064453,4869063.746310753,0.0,558205.0171397786,4869080.412977419,0.0,True
2913.0,2914.0,558205.0171397786,4869080.412977419,0.0,558188.350473112,4869097.079644086,0.0,True
2914.0,2915.0,558188.350473112,4869097.079644086,0.0,558171.6838064453,4869113.746310753,0.0,True
2915.0,2916.0,558171.6838064453,4869113.746310753,0.0,558155.0171397786,4869130.412977419,0.0,True
2916.0,436.0,558155.0171397786,4869130.412977419,0.0,558138.350473112,4869147.079644086,0.0,True
287.0,3006.0,558338.350473112,4868347.079644086,0.0,558338.350473112,4868372.079644086,0.0,True
3006.0,3007.0,558338.350473112,4868372.079644086,0.0,558338.350473112,4868397.079644086,0.0,True
3007.0,3008.0,558338.350473112,4868397.079644086,0.0,558338.350473112,4868422.079644086,0.0,True
3008.0,312.0,558338.350473112,4868422.079644086,0.0,558338.350473112,4868447.079644086,0.0,True
89.0,3289.0,558438.350473112,4867647.079644086,0.0,558438.350473112,4867672.079644086,0.0,True
3289.0,3290.0,558438.350473112,4867672.079644086,0.0,558438.350473112,4867697.079644086,0.0,True
3290.0,3291.0,558438.350473112,4867697.079644086,0.0,558438.350473112,4867722.079644086,0.0,True
3291.0,117.0,558438.350473112,4867722.079644086,0.0,558438.350473112,4867747.079644086,0.0,True
365.0,3356.0,559038.350473112,4868647.079644086,0.0,559021.6838064453,4868663.746310753,0.0,True
3356.0,3357.0,559021.6838064453,4868663.746310753,0.0,559005.0171397786,4868680.412977419,0.0,True
3357.0,3358.0,559005.0171397786,4868680.412977419,0.0,558988.350473112,4868697.079644086,0.0,True
3358.0,3359.0,558988.350473112,4868697.079644086,0.0,558971.6838064453,4868713.746310753,0.0,True
3359.0,3360.0,558971.6838064453,4868713.746310753,0.0,558955.0171397786,4868730.412977419,0.0,True
3360.0,384.0,558955.0171397786,4868730.412977419,0.0,558938.350473112,4868747.079644086,0.0,True
377.0,3376.0,558238.350473112,4868747.079644086,0.0,558221.6838064453,4868763.746310753,0.0,True
3376.0,3377.0,558221.6838064453,4868763.746310753,0.0,558205.0171397786,4868780.412977419,0.0,True
3377.0,3378.0,558205.0171397786,4868780.412977419,0.0,558188.350473112,4868797.079644086,0.0,True
3378.0,3379.0,558188.350473112,4868797.079644086,0.0,558171.6838064453,4868813.746310753,0.0,True
3379.0,3380.0,558171.6838064453,4868813.746310753,0.0,558155.0171397786,4868830.412977419,0.0,True
3380.0,394.0,558155.0171397786,4868830.412977419,0.0,558138.350473112,4868847.079644086,0.0,True
202.0,3411.0,558338.350473112,4868047.079644086,0.0,558338.350473112,4868072.079644086,0.0,True
3411.0,3412.0,558338.350473112,4868072.079644086,0.0,558338.350473112,4868097.079644086,0.0,True
3412.0,3413.0,558338.350473112,4868097.079644086,0.0,558338.350473112,4868122.079644086,0.0,True
3413.0,231.0,558338.350473112,4868122.079644086,0.0,558338.350473112,4868147.079644086,0.0,True
287.0,3441.0,558338.350473112,4868347.079644086,0.0,558321.6838064453,4868363.746310753,0.0,True
3441.0,3442.0,558321.6838064453,4868363.746310753,0.0,558305.0171397786,4868380.412977419,0.0,True
3442.0,3443.0,558305.0171397786,4868380.412977419,0.0,558288.350473112,4868397.079644086,0.0,True
3443.0,3444.0,558288.350473112,4868397.079644086,0.0,558271.6838064453,4868413.746310753,0.0,True
3444.0,3445.0,558271.6838064453,4868413.746310753,0.0,558255.0171397786,4868430.412977419,0.0,True
3445.0,311.0,558255.0171397786,4868430.412977419,0.0,558238.350473112,4868447.079644086,0.0,True
450.0,3449.0,557938.350473112,4869347.079644086,0.0,557921.6838064453,4869363.746310753,0.0,True
3449.0,3450.0,557921.6838064453,4869363.746310753,0.0,557905.0171397786,4869380.412977419,0.0,True
3450.0,3451.0,557905.0171397786,4869380.412977419,0.0,557888.350473112,4869397.079644086,0.0,True
3451.0,3452.0,557888.350473112,4869397.079644086,0.0,557871.6838064453,4869413.746310753,0.0,True
3452.0,3453.0,557871.6838064453,4869413.746310753,0.0,557855.0171397786,4869430.412977419,0.0,True
3453.0,454.0,557855.0171397786,4869430.412977419,0.0,557838.350473112,4869447.079644086,0.0,True
221.0,3459.0,560238.350473112,4868047.079644086,0.0,560263.350473112,4868047.079644086,0.0,True
3459.0,3460.0,560263.350473112,4868047.079644086,0.0,560288.350473112,4868047.079644086,0.0,True
3460.0,3461.0,560288.350473112,4868047.079644086,0.0,560313.350473112,4868047.079644086,0.0,True
383.0,3486.0,558838.350473112,4868747.079644086,0.0,558821.6838064453,4868763.746310753,0.0,True
3486.0,3487.0,558821.6838064453,4868763.746310753,0.0,558805.0171397786,4868780.412977419,0.0,True
3487.0,3488.0,558805.0171397786,4868780.412977419,0.0,558788.350473112,4868797.079644086,0.0,True
3488.0,3489.0,558788.350473112,4868797.079644086,0.0,558771.6838064453,4868813.746310753,0.0,True
3489.0,3490.0,558771.6838064453,4868813.746310753,0.0,558755.0171397786,4868830.412977419,0.0,True
3490.0,400.0,558755.0171397786,4868830.412977419,0.0,558738.350473112,4868847.079644086,0.0,True
3593.0,3594.0,557763.350473112,4869447.079644086,0.0,557788.350473112,4869447.079644086,0.0,True
3594.0,3595.0,557788.350473112,4869447.079644086,0.0,557813.350473112,4869447.079644086,0.0,True
3595.0,454.0,557813.350473112,4869447.079644086,0.0,557838.350473112,4869447.079644086,0.0,True
435.0,3606.0,558038.350473112,4869147.079644086,0.0,558063.350473112,4869147.079644086,0.0,True
3606.0,3607.0,558063.350473112,4869147.079644086,0.0,558088.350473112,4869147.079644086,0.0,True
3607.0,3608.0,558088.350473112,4869147.079644086,0.0,558113.350473112,4869147.079644086,0.0,True
3608.0,436.0,558113.350473112,4869147.079644086,0.0,558138.350473112,4869147.079644086,0.0,True
117.0,3652.0,558438.350473112,4867747.079644086,0.0,558438.350473112,4867772.079644086,0.0,True
3652.0,3653.0,558438.350473112,4867772.079644086,0.0,558438.350473112,4867797.079644086,0.0,True
3653.0,3654.0,558438.350473112,4867797.079644086,0.0,558438.350473112,4867822.079644086,0.0,True
3654.0,145.0,558438.350473112,4867822.079644086,0.0,558438.350473112,4867847.079644086,0.0,True
249.0,3700.0,560138.350473112,4868147.079644086,0.0,560121.6838064453,4868163.746310753,0.0,True
3700.0,3701.0,560121.6838064453,4868163.746310753,0.0,560105.0171397786,4868180.412977419,0.0,True
3701.0,3702.0,560105.0171397786,4868180.412977419,0.0,560088.350473112,4868197.079644086,0.0,True
3702.0,3703.0,560088.350473112,4868197.079644086,0.0,560071.6838064453,4868213.746310753,0.0,True
3703.0,3704.0,560071.6838064453,4868213.746310753,0.0,560055.0171397786,4868230.412977419,0.0,True
3704.0,277.0,560055.0171397786,4868230.412977419,0.0,560038.350473112,4868247.079644086,0.0,True
345.0,3753.0,559238.350473112,4868547.079644086,0.0,559221.6838064453,4868563.746310753,0.0,True
3753.0,3754.0,559221.6838064453,4868563.746310753,0.0,559205.0171397786,4868580.412977419,0.0,True
3754.0,3755.0,559205.0171397786,4868580.412977419,0.0,559188.350473112,4868597.079644086,0.0,True
3755.0,3756.0,559188.350473112,4868597.079644086,0.0,559171.6838064453,4868613.746310753,0.0,True
3756.0,3757.0,559171.6838064453,4868613.746310753,0.0,559155.0171397786,4868630.412977419,0.0,True
3757.0,366.0,559155.0171397786,4868630.412977419,0.0,559138.350473112,4868647.079644086,0.0,True
173.0,3894.0,558438.350473112,4867947.079644086,0.0,558438.350473112,4867972.079644086,0.0,True
3894.0,3895.0,558438.350473112,4867972.079644086,0.0,558438.350473112,4867997.079644086,0.0,True
3895.0,3896.0,558438.350473112,4867997.079644086,0.0,558438.350473112,4868022.079644086,0.0,True
3896.0,203.0,558438.350473112,4868022.079644086,0.0,558438.350473112,4868047.079644086,0.0,True
443.0,3940.0,557938.350473112,4869247.079644086,0.0,557938.350473112,4869272.079644086,0.0,True
3940.0,3941.0,557938.350473112,4869272.079644086,0.0,557938.350473112,4869297.079644086,0.0,True
3941.0,3942.0,557938.350473112,4869297.079644086,0.0,557938.350473112,4869322.079644086,0.0,True
3942.0,450.0,557938.350473112,4869322.079644086,0.0,557938.350473112,4869347.079644086,0.0,True
444.0,3990.0,558038.350473112,4869247.079644086,0.0,558021.6838064453,4869263.746310753,0.0,True
3990.0,3991.0,558021.6838064453,4869263.746310753,0.0,558005.0171397786,4869280.412977419,0.0,True
3991.0,3992.0,558005.0171397786,4869280.412977419,0.0,557988.350473112,4869297.079644086,0.0,True
3992.0,3993.0,557988.350473112,4869297.079644086,0.0,557971.6838064453,4869313.746310753,0.0,True
3993.0,3994.0,557971.6838064453,4869313.746310753,0.0,557955.0171397786,4869330.412977419,0.0,True
3994.0,450.0,557955.0171397786,4869330.412977419,0.0,557938.350473112,4869347.079644086,0.0,True
365.0,4168.0,559038.350473112,4868647.079644086,0.0,559063.350473112,4868647.079644086,0.0,True
4168.0,4169.0,559063.350473112,4868647.079644086,0.0,559088.350473112,4868647.079644086,0.0,True
4169.0,4170.0,559088.350473112,4868647.079644086,0.0,559113.350473112,4868647.079644086,0.0,True
4170.0,366.0,559113.350473112,4868647.079644086,0.0,559138.350473112,4868647.079644086,0.0,True
434.0,4197.0,557938.350473112,4869147.079644086,0.0,557938.350473112,4869172.079644086,0.0,True
4197.0,4198.0,557938.350473112,4869172.079644086,0.0,557938.350473112,4869197.079644086,0.0,True
4198.0,4199.0,557938.350473112,4869197.079644086,0.0,557938.350473112,4869222.079644086,0.0,True
4199.0,443.0,557938.350473112,4869222.079644086,0.0,557938.350473112,4869247.079644086,0.0,True
323.0,4214.0,559438.350473112,4868447.079644086,0.0,559421.6838064453,4868463.746310753,0.0,True
4214.0,4215.0,559421.6838064453,4868463.746310753,0.0,559405.0171397786,4868480.412977419,0.0,True
4215.0,4216.0,559405.0171397786,4868480.412977419,0.0,559388.350473112,4868497.079644086,0.0,True
4216.0,4217.0,559388.350473112,4868497.079644086,0.0,559371.6838064453,4868513.746310753,0.0,True
4217.0,4218.0,559371.6838064453,4868513.746310753,0.0,559355.0171397786,4868530.412977419,0.0,True
4218.0,346.0,559355.0171397786,4868530.412977419,0.0,559338.350473112,4868547.079644086,0.0,True
335.0,4230.0,558238.350473112,4868547.079644086,0.0,558221.6838064453,4868563.746310753,0.0,True
4230.0,4231.0,558221.6838064453,4868563.746310753,0.0,558205.0171397786,4868580.412977419,0.0,True
4231.0,4232.0,558205.0171397786,4868580.412977419,0.0,558188.350473112,4868597.079644086,0.0,True
4232.0,4233.0,558188.350473112,4868597.079644086,0.0,558171.6838064453,4868613.746310753,0.0,True
4233.0,4234.0,558171.6838064453,4868613.746310753,0.0,558155.0171397786,4868630.412977419,0.0,True
4234.0,356.0,558155.0171397786,4868630.412977419,0.0,558138.350473112,4868647.079644086,0.0,True
2.0,4241.0,558438.350473112,4867247.079644086,0.0,558463.350473112,4867247.079644086,0.0,True
4241.0,4242.0,558463.350473112,4867247.079644086,0.0,558488.350473112,4867247.079644086,0.0,True
4242.0,4243.0,558488.350473112,4867247.079644086,0.0,558513.350473112,4867247.079644086,0.0,True
145.0,4262.0,558438.350473112,4867847.079644086,0.0,558438.350473112,4867872.079644086,0.0,True
4262.0,4263.0,558438.350473112,4867872.079644086,0.0,558438.350473112,4867897.079644086,0.0,True
4263.0,4264.0,558438.350473112,4867897.079644086,0.0,558438.350473112,4867922.079644086,0.0,True
4264.0,173.0,558438.350473112,4867922.079644086,0.0,558438.350473112,4867947.079644086,0.0,True
393.0,4348.0,558038.350473112,4868847.079644086,0.0,558038.350473112,4868872.079644086,0.0,True
4348.0,4349.0,558038.350473112,4868872.079644086,0.0,558038.350473112,4868897.079644086,0.0,True
4349.0,4350.0,558038.350473112,4868897.079644086,0.0,558038.350473112,4868922.079644086,0.0,True
4350.0,409.0,558038.350473112,4868922.079644086,0.0,558038.350473112,4868947.079644086,0.0,True
64.0,4361.0,558438.350473112,4867547.079644086,0.0,558438.350473112,4867572.079644086,0.0,True
4361.0,4362.0,558438.350473112,4867572.079644086,0.0,558438.350473112,4867597.079644086,0.0,True
4362.0,4363.0,558438.350473112,4867597.079644086,0.0,558438.350473112,4867622.079644086,0.0,True
4363.0,89.0,558438.350473112,4867622.079644086,0.0,558438.350473112,4867647.079644086,0.0,True
274.0,4493.0,559738.350473112,4868247.079644086,0.0,559763.350473112,4868247.079644086,0.0,True
4493.0,4494.0,559763.350473112,4868247.079644086,0.0,559788.350473112,4868247.079644086,0.0,True
4494.0,4495.0,559788.350473112,4868247.079644086,0.0,559813.350473112,4868247.079644086,0.0,True
4495.0,275.0,559813.350473112,4868247.079644086,0.0,559838.350473112,4868247.079644086,0.0,True
425.0,4538.0,558238.350473112,4869047.079644086,0.0,558263.350473112,4869047.079644086,0.0,True
4538.0,4539.0,558263.350473112,4869047.079644086,0.0,558288.350473112,4869047.079644086,0.0,True
4539.0,4540.0,558288.350473112,4869047.079644086,0.0,558313.350473112,4869047.079644086,0.0,True
4540.0,426.0,558313.350473112,4869047.079644086,0.0,558338.350473112,4869047.079644086,0.0,True
221.0,4637.0,560238.350473112,4868047.079644086,0.0,560221.6838064453,4868063.746310753,0.0,True
4637.0,4638.0,560221.6838064453,4868063.746310753,0.0,560205.0171397786,4868080.412977419,0.0,True
4638.0,4639.0,560205.0171397786,4868080.412977419,0.0,560188.350473112,4868097.079644086,0.0,True
4639.0,4640.0,560188.350473112,4868097.079644086,0.0,560171.6838064453,4868113.746310753,0.0,True
4640.0,4641.0,560171.6838064453,4868113.746310753,0.0,560155.0171397786,4868130.412977419,0.0,True
4641.0,249.0,560155.0171397786,4868130.412977419,0.0,560138.350473112,4868147.079644086,0.0,True
260.0,4765.0,558338.350473112,4868247.079644086,0.0,558338.350473112,4868272.079644086,0.0,True
4765.0,4766.0,558338.350473112,4868272.079644086,0.0,558338.350473112,4868297.079644086,0.0,True
4766.0,4767.0,558338.350473112,4868297.079644086,0.0,558338.350473112,4868322.079644086,0.0,True
4767.0,287.0,558338.350473112,4868322.079644086,0.0,558338.350473112,4868347.079644086,0.0,True
5043.0,5044.0,558021.6838064453,4868663.746310753,0.0,558005.0171397786,4868680.412977419,0.0,True
5044.0,5045.0,558005.0171397786,4868680.412977419,0.0,557988.350473112,4868697.079644086,0.0,True
5045.0,5046.0,557988.350473112,4868697.079644086,0.0,557971.6838064453,4868713.746310753,0.0,True
5046.0,5047.0,557971.6838064453,4868713.746310753,0.0,557955.0171397786,4868730.412977419,0.0,True
5047.0,374.0,557955.0171397786,4868730.412977419,0.0,557938.350473112,4868747.079644086,0.0,True
40.0,5155.0,558438.350473112,4867447.079644086,0.0,558438.350473112,4867472.079644086,0.0,True
5155.0,5156.0,558438.350473112,4867472.079644086,0.0,558438.350473112,4867497.079644086,0.0,True
5156.0,5157.0,558438.350473112,4867497.079644086,0.0,558438.350473112,4867522.079644086,0.0,True
5157.0,64.0,558438.350473112,4867522.079644086,0.0,558438.350473112,4867547.079644086,0.0,True
392.0,5178.0,557938.350473112,4868847.079644086,0.0,557938.350473112,4868872.079644086,0.0,True
5178.0,5179.0,557938.350473112,4868872.079644086,0.0,557938.350473112,4868897.079644086,0.0,True
5179.0,5180.0,557938.350473112,4868897.079644086,0.0,557938.350473112,4868922.079644086,0.0,True
5180.0,408.0,557938.350473112,4868922.079644086,0.0,557938.350473112,4868947.079644086,0.0,True
