DATE,RCH[m3/s],RCH[m/day],m3/d,R_h,Q_l,Q_h,R_conduit
2018-01-01,0.038880504,0.000725545,3359.2755456000004,671.85510912,0.0,0.0,671.85510912
2018-01-02,0.038671947,0.000721654,3341.2562208,196120.49970088963,195452.24845672963,55316.02716523343,668.2512441599998
2018-01-03,0.038463125,0.000717757,3323.214,169125.77644078748,168461.13364078748,87526.55171313077,664.6427999999999
2018-01-04,0.038254154,0.000713857,3305.1589056,145907.7845096244,145246.75272850442,104166.78654842151,661.0317811199998
2018-01-05,0.038045145,0.000709957,3287.1005280000004,125937.7827112498,125280.3626056498,110512.8923463048,657.4201055999999
2018-01-06,0.037836476,0.000706063,3269.0715264,108761.06215709561,108107.24785181561,110235.40431170414,653.8143052799999
2018-01-07,0.03762836,0.000702179,3251.090304,93986.57332740942,93336.35526660942,105866.76769672967,650.2180607999999
2018-01-08,0.037442296,0.000698707,3235.0143744,81278.59001409689,80631.58713921689,99135.8334158088,647.0028748799999
2018-01-09,0.037274162,0.00069557,3220.4875968,70347.95706992813,69703.85955056813,91205.70871932516,644.0975193599999
2018-01-10,0.037105294,0.000692418,3205.8974015999997,60945.559202787794,60304.37972246779,82843.32358030477,641.1794803199998
2018-01-11,0.036887224,0.000688349,3187.0561536000005,52856.12808124549,52218.716850525496,74539.63313833364,637.4112307199999
2018-01-12,0.073635524,0.001374106,6362.109273599999,46893.074584815135,45620.652730095135,67260.61603507475,1272.4218547199996
2018-01-13,0.040306683,0.000752159,3482.4974112000004,40320.30054017621,39623.801057936216,59767.95901915482,696.4994822399999
2018-01-14,0.03828539,0.00071444,3307.857696,35108.52051097714,34446.94897177714,52885.83255263541,661.5715391999998
2018-01-15,0.037363891,0.000697244,3228.2401824000003,30631.587052637144,29985.939016157143,46664.421895560954,645.64803648
2018-01-16,0.036763116,0.000686033,3176.3332224,26778.92351928394,26143.65687480394,41098.64190353493,635.2666444799999
2018-01-17,0.036462767,0.000680428,3150.3830688,23466.46442979699,22836.38781603699,36160.36502826,630.0766137599999
2018-01-18,0.036234645,0.000676171,3130.6733280000003,20616.063600127807,19989.92893452781,31804.49779853032,626.1346656
2018-01-19,0.040111383,0.000748515,3465.6234912,18272.613412948318,17579.488714708317,28052.92013654335,693.1246982399998
2018-01-20,0.04069717,0.000759446,3516.235488,16215.425766905153,15512.178669305153,24776.636368198724,703.2470975999998
2018-01-21,0.038174296,0.000712367,3298.2591744,14369.53051801523,13709.87868313523,21869.266985422404,659.6518348799999
2018-01-22,0.036915832,0.000688883,3189.5278848000003,12785.628367553898,12147.722790593898,19318.45034468793,637.90557696
2018-01-23,0.245869465,0.004588147,21243.121776,17074.895594022753,12826.271238822754,20857.545587153258,4248.624355199999
2018-01-24,0.085368584,0.001593055,7375.8456576,13331.857110558769,11856.687979038768,18944.60266153179,1475.1691315199996
2018-01-25,0.060393331,0.001126994,5217.9837984000005,11824.762607074139,10781.165847394139,16858.29574756546,1043.5967596799999
2018-01-26,0.05477057,0.001022069,4732.177248,10748.24193013496,9801.80648053496,15009.223109119119,946.4354495999997
2018-01-27,0.052990773,0.000988856,4578.4027872,9858.015242866468,8942.334685426467,13429.468951661467,915.6805574399997
2018-01-28,0.047781898,0.000891654,4128.3559872000005,8978.454897473162,8152.783700033162,12010.8216605488,825.6711974399999
2018-01-29,0.047256968,0.000881858,4083.0020352,8285.290617010918,7468.690209970919,10813.979866429043,816.6004070399998
2018-01-30,0.045837224,0.000855364,3960.3361536,7658.698460498191,6866.631229778191,9783.556032964696,792.0672307199999
2018-01-31,0.045469433,0.000848501,3928.5590111999995,7131.013269103644,6345.301466863644,8910.64535690745,785.7118022399998
2018-02-01,0.044224218,0.000825264,3820.9724352000003,6649.102661285134,5884.9081742451335,8152.489094511314,764.1944870399999
2018-02-02,0.041830691,0.000780599,3614.1717024000004,6188.642600999615,5465.808260519615,7470.278363544094,722.8343404799999
2018-02-03,0.041472502,0.000773915,3583.2241728,5818.561045960469,5101.9162114004685,6890.2644390626465,716.6448345599998
2018-02-04,0.040247846,0.000751061,3477.4138943999997,5472.601076857202,4777.118297977203,6379.500695145855,695.4827788799997
2018-02-05,0.039955057,0.000745598,3452.1169248,5185.382216797994,4494.958831837995,5944.218283919245,690.4233849599999
2018-02-06,0.039685535,0.000740568,3428.8302240000003,4935.459625268675,4249.6935804686755,5572.162996652044,685.7660447999999
2018-02-07,0.039298129,0.000733339,3395.3583456,4714.088283030261,4035.016613910261,5250.813600631848,679.0716691199999
2018-02-08,0.03870433,0.000722258,3344.0541120000003,4513.4591709068245,3844.6483485068243,4968.441241046159,668.8108223999999
2018-02-09,0.038453132,0.00071757,3322.3506048,4342.970968413469,3678.500847453469,4725.41117987622,664.4701209599998
2018-02-10,0.03765039,0.00070259,3252.993696,4178.444761961982,3527.8460227619826,4505.517400084517,650.5987391999998
2018-02-11,0.036914819,0.000688864,3189.4403616,4029.052972394505,3391.164900074505,4307.056401682438,637.8880723199999
2018-02-12,0.036654111,0.000683999,3166.9151904000005,3904.4793534688743,3271.0963153888742,4135.678973132127,633.38303808
2018-02-13,0.036391713,0.000679102,3144.2440032,3794.146960232832,3165.2981595928322,3986.8763632380033,628.8488006399998
2018-02-14,0.036207579,0.000675666,3128.3348256,3698.1968828370354,3072.5299177170355,3858.4013079398956,625.6669651199999
2018-02-15,0.036749103,0.000685772,3175.1224991999998,3633.0139489870508,2997.989449147051,3759.95155465872,635.0244998399999
2018-02-16,0.036298679,0.000677366,3136.2058656,3556.767156333664,2929.525983213664,3667.980848656298,627.2411731199999
2018-02-17,0.034930736,0.000651839,3018.0155904,3461.01320976855,2857.4100916885504,3565.6317965882395,603.6031180799998
2018-02-18,0.034575826,0.000645216,2987.3513663999997,3389.426305168953,2791.9560318889535,3474.4199090868788,597.4702732799998
2018-02-19,0.035493602,0.000662343,3066.6472128,3357.8761178180994,2744.5466752580996,3415.3229265207747,613.3294425599998
2018-02-20,0.034798867,0.000649378,3006.6221087999998,3298.376238667566,2697.0518169075663,3352.5911713309483,601.3244217599998
2018-02-21,0.033890079,0.00063242,2928.1028255999995,3233.032644127707,2647.4120790077072,3283.872514988562,585.6205651199998
2018-02-22,0.033893511,0.000632484,2928.3993504,3190.434985271428,2604.755115191428,3227.437357149774,585.6798700799999
2018-02-23,0.033516824,0.000625454,2895.8535936,3143.595720267828,2564.425001547828,3174.0087111186367,579.1707187199999
2018-02-24,0.033282854,0.000621088,2875.6385856,3102.604740038332,2527.477022918332,3125.8221428273464,575.1277171199999
2018-02-25,0.043907838,0.00081936,3793.6372032,3357.2450471081647,2598.517606468165,3276.901217090643,758.7274406399998
2018-02-26,0.035070993,0.000654457,3030.1337952000003,3180.1268856650217,2574.100126625022,3232.0799624838833,606.0267590399999
2018-02-27,0.0826929,0.001543125,7144.66656,4442.862075617519,3013.928763617519,4051.245679088697,1428.9333119999997
2018-02-28,0.056196138,0.001048671,4855.3463232,4106.846789549467,3135.7775249094666,4204.106016944553,971.0692646399999
2018-03-01,0.04135359,0.000771696,3572.9501760000003,3811.5291263341414,3096.9390911341416,4057.8551346078402,714.5900351999999
2018-03-02,0.038959048,0.000727011,3366.0617472000004,3713.578883501761,3040.3665340617613,3905.3051739200328,673.2123494399999
2018-03-03,0.036083294,0.000673347,3117.5966016,3587.405358992315,2963.886038672315,3738.0867772848615,623.5193203199999
2018-03-04,0.034339943,0.000640814,2966.9710751999996,3474.636968720591,2881.2427536805912,3578.9279718366524,593.3942150399998
2018-03-05,0.036158437,0.000674749,3124.0889568000002,3452.5845226869083,2827.7667313269085,3489.030940236181,624.8177913599999
2018-03-06,0.033344266,0.000622234,2880.9445824,3330.734098649941,2754.545182169941,3368.5452972931257,576.1889164799999
2018-03-07,0.033138556,0.000618396,2863.1712383999998,3262.218283046949,2689.5840353669496,3271.134049209536,572.6342476799998
2018-03-08,0.032717127,0.000610531,2826.7597728,3194.9913195291765,2629.6393649691768,3187.260016119387,565.3519545599999
2018-03-09,0.032499965,0.000606479,2807.996976,3137.584910385492,2575.985515185492,3117.295446628679,561.5993951999999
2018-03-10,0.038860271,0.000725168,3357.5274144,3262.896096352323,2591.3906134723234,3176.0193290333723,671.5054828799998
2018-03-11,0.03608596,0.000673397,3117.826944,3201.3579341141976,2577.792545314198,3169.6961042344265,623.5653887999998
2018-03-12,0.03622089,0.000675915,3129.484896,3193.3008765222103,2567.4038973222105,3166.1695484652496,625.8969791999998
2018-03-13,0.034075577,0.000635881,2944.1298528,3126.5358657707006,2537.709895210701,3124.0385029811055,588.8259705599999
2018-03-14,0.032831699,0.000612669,2836.6587936,3067.4680534844024,2500.1362947644025,3068.5703532708317,567.3317587199999
2018-03-15,0.032015946,0.000597447,2766.1777344,3013.164666630186,2459.929119750186,3010.490396971742,553.2355468799999
2018-03-16,0.031490052,0.000587633,2720.7404927999996,2964.4100767387595,2420.26197817876,2955.5101903437176,544.1480985599998
2018-03-17,0.031291465,0.000583927,2703.582576,2924.9430649457336,2384.226549745734,2908.6987454615623,540.7165151999999
2018-03-18,0.031092961,0.000580223,2686.4318304,2888.601563866131,2351.315197786131,2868.109306041783,537.2863660799999
2018-03-19,0.030870631,0.000576074,2667.2225184,2854.304495836873,2320.859992156873,2831.863641446778,533.4445036799999
2018-03-20,0.030647887,0.000571917,2647.9774368,2822.1085535365105,2292.5130661765106,2798.9680357529005,529.5954873599999
2018-03-21,0.030430784,0.000567866,2629.2197376,2791.877795042999,2266.033847522999,2768.783145642506,525.8439475199999
2018-03-22,0.030244565,0.000564391,2613.130416,2764.085798661779,2241.459715461779,2741.2790586352676,522.6260831999999
2018-03-23,0.030050769,0.000560775,2596.3864416,2737.7279250763304,2218.4506367563304,2715.7463730477393,519.2772883199999
2018-03-24,0.029844387,0.000556923,2578.5550368,2712.376719092044,2196.665711732044,2691.5529721579423,515.7110073599998
2018-03-25,0.029638797,0.000553087,2560.7920608,2688.0996350591577,2175.9412228991578,2668.452463367189,512.1584121599999
2018-03-26,0.029440777,0.000549392,2543.6831328000003,2664.9385891268757,2156.201962566876,2646.37378966204,508.73662655999993
2018-03-27,0.087494733,0.001632731,7559.5449312,4212.911706341913,2701.0027201019134,3670.7726483904044,1511.9089862399996
2018-03-28,0.047919116,0.000894214,4140.2116224,3614.608365476445,2786.5660409964453,3747.119606964856,828.0423244799998
2018-03-29,0.035971212,0.000671255,3107.9127168,3366.1155628985434,2744.5330195385436,3595.3324300917575,621.5825433599998
2018-03-30,0.034305064,0.000640164,2963.9575296000003,3285.0531460383477,2692.2616401183477,3452.3308277182264,592.79150592
2018-03-31,0.032996861,0.000615751,2850.9287904000003,3204.834793106578,2634.6490350265785,3321.1571513861095,570.1857580799999
2018-04-01,0.036009922,0.000671978,3111.2572608,3236.510435492458,2614.258983332458,3275.5873022609107,622.2514521599999
2018-04-02,0.032073479,0.00059852,2771.1485856000004,3112.8610843731135,2558.6313672531137,3170.2677356977683,554.2297171199999
2018-04-03,0.031343582,0.0005849,2708.0854848000004,3045.3456470952774,2503.7285501352776,3076.30639957583,541.6170969599999
2018-04-04,0.030694616,0.000572789,2652.0148224,2980.6351777051386,2450.232213225139,2992.042039569689,530.4029644799999
2018-04-05,0.030583242,0.000570711,2642.3921088,2931.626041319219,2403.147619559219,2924.5372659632985,528.47842176
2018-04-06,0.083134813,0.001551371,7182.8478432,4307.755479899329,2871.185911259329,3815.0033033643645,1436.5695686399997
2018-04-07,0.0412514,0.000769789,3564.12096,3581.2256232030227,2868.4014312030226,3746.5726824310295,712.8241919999999
2018-04-08,0.036923182,0.00068902,3190.1629248,3462.1560633721997,2824.1234784122,3619.35481303666,638.0325849599999
2018-04-09,0.03490632,0.000651384,3015.906048,3369.7088784104917,2766.527668810492,3487.5535775648214,603.1812095999999
2018-04-10,0.034743108,0.000648338,3001.8045312,3315.7768089114224,2715.415902671423,3384.5239382713503,600.3609062399998
2018-04-11,0.032821448,0.000612478,2835.7731072,3220.0188857438243,2652.8642643038243,3271.2306962133957,567.1546214399999
2018-04-12,0.03814202,0.000711765,3295.470528,3309.6500720372883,2650.5559664372886,3279.516319387193,659.0941055999998
2018-04-13,0.032195124,0.00060079,2781.6587136,3147.3556497792683,2591.0239070592684,3178.522639674286,556.3317427199999
2018-04-14,0.181562913,0.003388129,15687.0356832,7122.63569322937,3985.228556589371,5781.651406498037,3137.4071366399994
2018-04-15,0.233275732,0.004353137,20155.023244800002,9715.663811044458,5684.659162084459,8710.06889836004,4031.0046489599995
2018-04-16,0.074425474,0.001388847,6430.3609536,6895.079496915835,5609.007306195836,8120.551382081724,1286.0721907199998
2018-04-17,0.08763234,0.001635299,7571.434176000001,7186.0337462404195,5671.74691104042,7926.3360438915315,1514.2868351999998
2018-04-18,0.08738343,0.001630654,7549.928352,7233.27998931876,5723.294318918761,7787.697703268575,1509.9856703999997
2018-04-19,0.081457568,0.001520072,7037.933875199999,7117.868483332533,5710.281708292534,7586.160311685147,1407.5867750399996
2018-04-20,0.108591775,0.002026421,9382.32936,7838.12902945158,5961.66315745158,7926.949488428517,1876.4658719999995
2018-04-21,0.065592716,0.00122402,5667.2106624,6895.200042077159,5761.75790959716,7423.163977020238,1133.4421324799996
2018-04-22,0.0554492,0.001034732,4790.81088,6449.844796813557,5491.682620813557,6860.305799631695,958.1621759999998
2018-04-23,0.051686967,0.000964526,4465.7539488,6116.162285925258,5223.011496165259,6363.125987317034,893.1507897599998
2018-04-24,0.049055466,0.000915419,4238.3922624,5814.168272570922,4966.489820090923,5933.658599655464,847.6784524799998
2018-04-25,0.048128879,0.000898129,4158.3351456,5568.581810705394,4736.914781585394,5584.645286208638,831.6670291199998
2018-04-26,0.047212083,0.00088102,4079.1239712,5346.433391177839,4530.608596937839,5296.167971417161,815.8247942399998
2018-04-27,0.045107134,0.00084174,3897.2563776,5112.267383177741,4332.816107657742,5032.04988204343,779.4512755199999
2018-04-28,0.044243553,0.000825625,3822.6429792,4918.886462096058,4154.357866256058,4808.52237607745,764.5285958399999
2018-04-29,0.043365767,0.000809245,3746.8022688,4741.75007284581,3992.38961908581,4615.711006033013,749.3604537599998
2018-04-30,0.04028147,0.000751689,3480.319008,4519.314602909796,3823.2508013097963,4406.8964209381575,696.0638015999998
2018-05-01,0.038474266,0.000717965,3324.1765824,4325.138782835224,3660.303466355225,4208.83644491759,664.8353164799998
2018-05-02,0.038484402,0.000718154,3325.0523328,4185.277308899093,3520.2668423390933,4051.700987058069,665.0104665599998
2018-05-03,0.046523776,0.000868176,4019.6542464000004,4281.56160928842,3477.6307600084206,4070.228577874074,803.9308492799998
2018-05-04,0.118662266,0.002214346,10252.4197824,6189.5174257160415,4139.033469236042,5374.63771607292,2050.4839564799995
2018-05-05,0.236518902,0.004413657,20435.2331328,9935.361520976596,5848.314894416597,8489.11821312477,4087.046626559999
2018-05-06,0.076300886,0.001423844,6592.3965504,7086.378532923073,5767.899222843073,8009.904513391121,1318.4793100799998
2018-05-07,0.059603086,0.001112248,5149.7066304,6567.101800329841,5537.160474249842,7357.875820587595,1029.9413260799997
2018-05-08,0.050743783,0.000946925,4384.2628512,6129.8480174292645,5252.995447189264,6708.550822181706,876.8525702399999
2018-05-09,0.048242351,0.000900246,4168.1391264,5818.035492019568,4984.4076667395675,6170.4748296418475,833.6278252799999
2018-05-10,0.113569365,0.002119307,9812.393136,7348.057251828028,5385.578624628028,6931.456828528583,1962.4786271999997
2018-05-11,0.057460168,0.001072259,4964.5585152,6180.539873922504,5187.628170882504,6508.403464674721,992.9117030399998
2018-05-12,0.318687539,0.005946999,27534.6033696,13052.156478274152,7545.2358043541535,10875.082618707145,5506.920673919999
2018-05-13,0.24204252,0.004516733,20912.473728,13013.594594880571,8831.099849280572,12856.169909980206,4182.494745599999
2018-05-14,0.116729721,0.002178282,10085.4478944,10741.40561343409,8724.316034554091,12149.243383214125,2017.0895788799996
2018-05-15,0.120262596,0.002244209,10390.6882944,10744.806537569319,8666.66887868932,11694.030440183054,2078.13765888
2018-05-16,0.08712987,0.001625922,7528.020767999999,9802.077715288813,8296.473561688814,10766.323768458655,1505.6041535999996
2018-05-17,0.077270301,0.001441934,6676.1540064,9217.92731304918,7882.696511769181,9887.962481318911,1335.2308012799997
2018-05-18,0.071746657,0.001338858,6198.911164800001,8713.179283539095,7473.397050579096,9119.026307334345,1239.7822329599999
2018-05-19,0.067559629,0.001260724,5837.1519456,8248.312870525222,7080.882481405222,8453.273419434763,1167.4303891199997
2018-05-20,0.065589992,0.001223969,5666.9753088,7857.655230354091,6724.260168594092,7903.131371411453,1133.3950617599996
2018-05-21,0.063191257,0.001179206,5459.7246048,7486.2978216885185,6394.352900728519,7431.76769135801,1091.9449209599998
2018-05-22,0.062685862,0.001169775,5416.0584768,7188.953739388126,6105.742044028127,7053.523136922563,1083.2116953599998
2018-05-23,0.059001161,0.001101015,5097.7003104000005,6841.420654708989,5821.880592628989,6688.983401488066,1019.5400620799999
2018-05-24,0.056879306,0.001061419,4914.3720384,6540.10138564173,5557.226977961731,6362.7938183456545,982.8744076799998
2018-05-25,0.055245181,0.001030925,4773.1836384,6268.448496227888,5313.811768547888,6074.705792706002,954.6367276799998
2018-05-26,0.054062528,0.001008856,4671.0024192,6027.230875741585,5093.030391901585,5824.072848680144,934.2004838399998
2018-05-27,0.055232635,0.001030691,4772.099664,5868.901232203362,4914.481299403363,5644.6845324833575,954.4199327999999
2018-05-28,0.052087748,0.000972005,4500.3814272,5630.572922773292,4730.496637333292,5442.949779372192,900.0762854399998
2018-05-29,0.049065144,0.0009156,4239.2284416,5390.86638188583,4543.020693565831,5226.8297965523525,847.8456883199999
2018-05-30,0.04771803,0.000890462,4122.837792,5193.323187570614,4368.755629170614,5030.11300871528,824.5675583999998
2018-05-31,0.049651497,0.000926542,4289.8893408,5095.5753154163285,4237.597447256328,4907.447414970013,857.9778681599998
2018-06-01,0.04925234,0.000919093,4255.402176,4972.019283552441,4120.938848352442,4800.119549456631,851.0804351999998
2018-06-02,0.044719229,0.000834501,3863.7413856,4749.4947218903,3976.7464447703,4630.937768277741,772.7482771199998
2018-06-03,0.043377938,0.000809472,3747.8538432,4589.332341580858,3839.7615729408585,4472.029515361781,749.5707686399999
2018-06-04,0.042153127,0.000786616,3642.0301728,4438.508366642738,3710.1023320827385,4323.259913045173,728.4060345599999
2018-06-05,0.040329097,0.000752578,3484.4339808,4277.831407600755,3580.944611440755,4171.695384623198,696.8867961599998
2018-06-06,0.038248509,0.000713752,3304.6711776,4110.669773250249,3449.7355377302492,4013.55846160161,660.9342355199999
2018-06-07,0.036128223,0.000674185,3121.4784672,3940.673844214414,3316.3781507744143,3849.7915798210756,624.2956934399999
2018-06-08,0.035163429,0.000656181,3038.1202656,3799.9787325331963,3192.3546794131967,3702.5187526434065,607.6240531199999
2018-06-09,0.045824794,0.000855132,3959.2622016,3980.714831194549,3188.862390874549,3776.6594459862526,791.8524403199998
2018-06-10,0.172330579,0.003215845,14889.362025600001,7387.902608139312,4410.0302030193125,6100.562930758441,2977.8724051199997
2018-06-11,0.121823585,0.002273339,10525.557744,7076.599990724609,4971.488441924609,6977.420915501954,2105.1115487999996
2018-06-12,0.064209326,0.001198204,5547.6857664,6006.358019171964,4896.820865891964,6625.255661266084,1109.5371532799998
2018-06-13,0.057430204,0.0010717,4961.9696256,5759.400467854289,4767.006542734289,6243.265810551874,992.3939251199997
2018-06-14,0.052956546,0.000988217,4575.4455744,5527.164645964288,4612.075531084288,5876.206647662209,915.0891148799998
2018-06-15,0.049043787,0.000915202,4237.3831967999995,5288.448514134087,4440.971874774088,5527.697940358875,847.4766393599997
2018-06-16,0.044852018,0.000836979,3875.2143552,5028.302691128116,4253.259820088116,5186.076812318327,775.0428710399999
2018-06-17,0.042415212,0.000791506,3664.6743168000003,4801.18183211738,4068.2469687573794,4879.4174031385965,732.9348633599999
2018-06-18,0.039981621,0.000746093,3454.4120544,4576.468954104146,3885.586543224146,4598.231880353811,690.8824108799998
2018-06-19,0.269205585,0.00502362,23259.362544000003,10598.525540900766,5946.653032100767,8493.960581187379,4651.872508799999
2018-06-20,0.114758394,0.002141496,9915.1252416,8207.640682985859,6224.615634665859,8712.600807739156,1983.0250483199998
2018-06-21,0.340140991,0.006347339,29388.1816224,14522.282112001438,8644.645787521438,12940.843987502369,5877.636324479999
2018-06-22,0.258007292,0.00481465,22291.8300288,14389.446346254035,9931.080340494036,14729.369792613401,4458.366005759999
2018-06-23,0.124053804,0.002314957,10718.2486656,11884.822676492071,9741.172943372072,13728.746148378235,2143.6497331199994
2018-06-24,0.102864861,0.001919552,8887.523990400001,11150.31621630478,9372.811418224781,12610.79712802336,1777.5047980799998
2018-06-25,0.095573556,0.001783489,8257.5552384,10636.975054054112,8985.464006374112,11641.728479709267,1651.5110476799996
2018-06-26,0.087810206,0.001638618,7586.8017984,10094.581206582538,8577.220846902537,10769.665846919459,1517.3603596799996
2018-06-27,0.092090994,0.001718501,7956.6618816,9858.88843539538,8267.556059075381,10181.758524879675,1591.3323763199996
2018-06-28,0.08303292,0.00154947,7174.044288,9348.400028660828,7913.591171060828,9567.905891409744,1434.8088575999998
2018-06-29,0.079516297,0.001483846,6870.2080608,8949.193322081912,7575.151709921913,9030.843951348428,1374.0416121599997
2018-06-30,0.075230973,0.001403878,6499.956067200001,8542.616763499245,7242.625550059245,8536.674716962627,1299.99121344
2018-07-01,0.073081207,0.001363762,6314.2162848,8198.69345390855,6935.8501969485515,8112.25645876882,1262.8432569599997
2018-07-02,0.074892714,0.001397566,6470.7304896,7983.699082130954,6689.5529842109545,7811.490889664885,1294.1460979199996
2018-07-03,0.072046572,0.001344454,6224.8238208,7695.16059851102,6450.1958343510205,7521.609472083298,1244.9647641599997
2018-07-04,0.067232713,0.001254623,5808.9064032,7359.547215340278,6197.765934700278,7204.869898105897,1161.7812806399997
2018-07-05,0.062614781,0.001168449,5409.9170784,7017.9728323030395,5935.98941662304,6871.12896277833,1081.9834156799998
2018-07-06,0.058328558,0.001088464,5039.5874112,6677.302170590215,5669.384688350215,6530.257378098399,1007.9174822399998
2018-07-07,0.05547845,0.001035278,4793.3380799999995,6371.192312941184,5412.524696941185,6209.594669112057,958.6676159999997
2018-07-08,0.052497897,0.000979658,4535.8183008000005,6069.94654921902,5162.78288905902,5902.020752087929,907.16366016
2018-07-09,0.049162136,0.00091741,4247.6085504,5765.247152315556,4915.725442235556,5598.137388832998,849.5217100799998
2018-07-10,0.046700138,0.000871467,4034.8919232000003,5486.410160360979,4679.431775720979,5312.8380733719,806.9783846399998
2018-07-11,0.045107451,0.000841746,3897.2837664,5240.263862236842,4460.807108956842,5057.495777494882,779.4567532799998
2018-07-12,0.043250454,0.000807093,3736.8392256,5002.187952090084,4254.8201069700835,4820.573559256304,747.3678451199999
2018-07-13,0.040579179,0.000757244,3506.0410656,4753.030104461472,4051.821891341472,4583.43831012205,701.2082131199999
2018-07-14,0.045939813,0.000857279,3969.1998432,4722.957177632066,3929.117208992066,4490.596059507032,793.8399686399998
2018-07-15,0.047652924,0.000889247,4117.2126336,4663.611141416377,3840.168614696377,4443.42054358048,823.4425267199998
2018-07-16,0.044894701,0.000837776,3878.9021664,4512.762484555685,3736.9820512756846,4351.910731382052,775.7804332799999
2018-07-17,0.043747065,0.00081636,3779.746416,4393.085445889088,3637.1361626890885,4256.105321218386,755.9492831999999
2018-07-18,0.042106048,0.000785737,3637.9625472,4262.981414639016,3535.3889051990163,4148.652325578595,727.5925094399998
2018-07-19,0.040062538,0.000747603,3461.4032832000003,4120.3922828295545,3428.1116261895545,4025.4164386773555,692.2806566399998
2018-07-20,0.040261566,0.000751317,3478.5993024,4033.4989808718165,3337.7791203918164,3930.5721067623876,695.7198604799999
2018-07-21,0.046517932,0.000868067,4019.1493247999997,4124.464632874562,3320.6347679145624,3966.431835163458,803.8298649599998
2018-07-22,0.045392724,0.000847069,3921.9313536000004,4079.3884827297234,3295.0022120097237,3970.504698886641,784.3862707199999
2018-07-23,0.042574261,0.000794474,3678.4161504000003,3981.3677412531624,3245.6845111731627,3920.5298223519676,735.6832300799999
2018-07-24,0.040576553,0.000757195,3505.8141792,3885.10270351932,3183.9398676793203,3844.2347373246685,701.1628358399998
2018-07-25,0.038545883,0.000719301,3330.3642912000005,3777.2619450586153,3111.1890868186156,3747.275266066398,666.07285824
2018-07-26,0.03745181,0.000698885,3235.836384,3685.2035664720092,3038.0362896720094,3651.255933248643,647.1672767999999
2018-07-27,0.036593153,0.000682861,3161.6484192000003,3599.145515908328,2966.815832068328,3560.1030244704934,632.3296838399999
2018-07-28,0.0358282,0.000668587,3095.5564799999997,3517.275237338761,2898.1639413387616,3474.3104615402685,619.1112959999998
2018-07-29,0.034983876,0.000652831,3022.6068864,3435.474338108135,2830.952960828135,3391.1845429311584,604.5213772799998
2018-07-30,0.034317704,0.000640399,2965.0496255999997,3359.715029499396,2766.7051043793963,3313.306633488568,593.0099251199998
2018-07-31,0.034337447,0.000640768,2966.7554208,3304.994081055881,2711.642996895881,3251.787353263236,593.3510841599999
2018-08-01,0.033489402,0.000624943,2893.4843328,3234.7800891640572,2656.0832226040575,3187.2985619522715,578.6968665599999
2018-08-02,0.032745216,0.000611055,2829.1866624,3166.9378101082893,2601.1004776282894,3122.491100587449,565.8373324799999
2018-08-03,0.032380396,0.000604248,2797.6662143999997,3109.818269653129,2550.285026773129,3064.316098256923,559.5332428799999
2018-08-04,0.031760859,0.000592686,2744.1382176,3049.4162469160906,2500.5886033960905,3006.720484751502,548.8276435199999
2018-08-05,0.031048271,0.000579389,2682.5706144,2987.4682306134378,2450.954107733438,2947.972770755775,536.51412288
2018-08-06,0.03217934,0.000600496,2780.294976,2975.272565162756,2419.213569962756,2921.4956350864895,556.0589951999999
2018-08-07,0.03217952,0.000600499,2780.3105280000004,2947.9805549039706,2391.9184493039706,2899.569157927398,556.0621056
2018-08-08,0.032499726,0.000606474,2807.9763264,2933.1384802382145,2371.543214958215,2887.065191252919,561.5952652799998
2018-08-09,0.032883507,0.000613636,2841.1350048,2925.9612863616644,2357.7342854016647,2883.1114986102302,568.2270009599998
2018-08-10,0.032329384,0.000603296,2793.2587776,2899.148224056631,2340.4964685366313,2869.0711286054448,558.6517555199999
2018-08-11,0.031766894,0.000592799,2744.6596415999998,2869.160771120703,2320.228842800703,2847.308530843708,548.9319283199999
2018-08-12,0.031185669,0.000581953,2694.4418016,2836.0626469078043,2297.1742865878045,2819.3760354128876,538.8883603199998
2018-08-13,0.030600527,0.000571034,2643.8855328,2800.4621726991118,2271.6850661391118,2786.67924187077,528.7771065599999
2018-08-14,0.030004099,0.000559904,2592.3541536,2762.4636528028364,2243.9928220828365,2750.1297145713247,518.4708307199999
2018-08-15,0.029283094,0.000546449,2530.0593215999997,2719.2123353304387,2213.200471010439,2708.371070981112,506.01186431999986
2018-08-16,0.029144472,0.000543862,2518.0823808,2688.9941078785773,2185.3776317185775,2673.035969073705,503.6164761599999
2018-08-17,0.031061529,0.000579636,2683.7161056,2716.744188225177,2180.000967105177,2679.494355976757,536.7432211199999
2018-08-18,0.032013292,0.000597397,2765.9484288,2737.776741496052,2184.587055736052,2700.7434692003903,553.1896857599999
2018-08-19,0.031219639,0.000582587,2697.3768096,2720.3264325282044,2180.8510706082047,2702.210514919777,539.4753619199998
2018-08-20,0.030218663,0.000563908,2610.8924832,2690.130375481456,2167.951878841456,2684.9614447278213,522.1784966399998
2018-08-21,0.029806263,0.000556212,2575.2611232,2667.920086242052,2152.8678616020525,2663.974545819472,515.0522246399998
2018-08-22,0.029624235,0.000552815,2559.533904,2650.0409390257646,2138.1341582257646,2644.234404787747,511.90678079999986
2018-08-23,0.029220869,0.000545288,2524.6830816,2626.496497533358,2121.559881213358,2621.4504429681992,504.9366163199999
2018-08-24,0.02863167,0.000534293,2473.776288,2596.359699699488,2101.604442099488,2592.972937805566,494.7552575999999
2018-08-25,0.028354456,0.00052912,2449.8249984,2571.7252197063594,2081.7602200263595,2565.691038009189,489.9649996799999
2018-08-26,0.028893581,0.00053918,2496.4053984,2569.1922735234693,2069.9111938434694,2553.933680806592,499.28107967999995
2018-08-27,0.028535212,0.000532493,2465.4423168,2549.3416295469833,2056.2531661869834,2537.9655267231897,493.0884633599999
2018-08-28,0.028243141,0.000527043,2440.2073824,2529.722426229606,2041.6809497496058,2519.9923259148136,488.04147647999986
2018-08-29,0.030275058,0.00056496,2615.7650112,2571.964300279061,2048.811298039061,2542.2096031479746,523.1530022399999
2018-08-30,0.033397344,0.000623225,2885.5305216,2662.2632390527924,2085.1571347327927,2614.8963956470916,577.1061043199999
2018-08-31,0.03233011,0.000603309,2793.321504,2664.7514451182014,2106.087144318202,2651.355569803323,558.6643007999999
2018-09-01,0.030744975,0.000573729,2656.36584,2640.0210861936534,2108.7479181936537,2651.0422463087307,531.2731679999998
2018-09-02,0.031838852,0.000594142,2750.8768128,2671.796775240142,2121.621412680142,2670.6925209825054,550.1753625599999
2018-09-03,0.031911161,0.000595491,2757.1243104,2684.817199749722,2133.392337669722,2687.3011754011277,551.4248620799999
2018-09-04,0.032390128,0.000604429,2798.5070591999997,2707.851612866361,2148.150201026361,2708.9200009997826,559.7014118399999
2018-09-05,0.228024427,0.004255143,19701.3104928,7994.21804663627,4053.955948076271,6237.544631856655,3940.262098559999
2018-09-06,0.316705594,0.005910014,27363.363321599998,12023.771471684791,6551.098807364794,10542.116720743696,5472.672664319998
2018-09-07,0.23450972,0.004376164,20261.639808,11955.57659442972,7903.248632829722,12391.446547750586,4052.327961599999
2018-09-08,0.129244724,0.002411824,11166.7441536,10280.81800015676,8047.469169436761,11955.507631276882,2233.3488307199996
2018-09-09,0.096778997,0.001805984,8361.705340800001,9529.675552045213,7857.3344838852145,11071.879862124106,1672.3410681599998
2018-09-10,0.089432267,0.001668887,7726.9478688,9168.115391206884,7622.725817446884,10286.621493846078,1545.3895737599996
2018-09-11,0.072926217,0.001360869,6300.8251488000005,8521.401649429921,7261.236619669921,9403.75904979932,1260.16502976
2018-09-12,0.065735242,0.001226679,5679.5249088,8016.675264461732,6880.770282701732,8606.374277663992,1135.9049817599998
2018-09-13,0.063762241,0.001189861,5509.0576224,7636.288421312289,6534.476896832289,7962.484848075866,1101.8115244799997
2018-09-14,0.060302349,0.001125297,5210.1229536,7245.208492798968,6203.1839020789685,7405.507499238515,1042.0245907199999
2018-09-15,0.057518364,0.001073345,4969.5866496,6885.2491904631115,5891.331860543112,6924.594228130358,993.9173299199997
2018-09-16,0.05525826,0.001031169,4774.313663999999,6556.131263235076,5601.268530435077,6509.60651809354,954.8627327999997
2018-09-17,0.054186891,0.001011177,4681.7473824,6277.796119482966,5341.446643002966,6165.391077493061,936.3494764799998
2018-09-18,0.052692618,0.000983292,4552.6421952,6014.068477884951,5103.540038844951,5867.271150132925,910.5284390399999
2018-09-19,0.222461159,0.004151327,19220.6441376,10385.885404337858,6541.756576817858,8678.56591963118,3844.128827519999
2018-09-20,0.172003221,0.003209736,14861.0782944,10262.567083916158,7290.351425036159,9926.825707465649,2972.2156588799994
2018-09-21,0.36440664,0.006800158,31484.733696,16092.939138683096,9795.992399483097,14346.901515736992,6296.946739199999
2018-09-22,0.224065779,0.004181271,19359.283305599998,14464.64985490266,10592.793193782662,15236.431904575413,3871.856661119999
2018-09-23,0.127391014,0.002377232,11006.5836096,12543.856232848288,10342.539510928289,14213.488007423366,2201.3167219199995
2018-09-24,0.110643162,0.002064702,9559.569196800001,11877.169568799927,9965.255729439927,13153.738779508816,1911.9138393599999
2018-09-25,0.101793052,0.001899551,8794.9196928,11314.134871471935,9555.150932911936,12197.787028990902,1758.9839385599996
2018-09-26,0.100227441,0.001870335,8659.6509024,10919.240883853065,9187.310703373065,11444.365861598022,1731.9301804799998
2018-09-27,0.094934097,0.001771556,8202.3059808,10460.206670910437,8819.745474750436,10773.66866743617,1640.4611961599996
2018-09-28,0.086751212,0.001618856,7495.304716799999,9923.516179926975,8424.455236566975,10110.688964886376,1499.0609433599996
2018-09-29,0.083882803,0.001565329,7247.4741792,9506.243447358,8056.748611517999,9546.15959805078,1449.4948358399997
2018-09-30,0.082310495,0.001535988,7111.626768,9147.631357521479,7725.306003921479,9078.270887536317,1422.3253535999997
2018-10-01,0.080817404,0.001508126,6982.6237056,8822.341759519672,7425.817018399672,8684.660072255714,1396.5247411199996
2018-10-02,0.236416591,0.004411748,20426.3934624,12759.237396092516,8673.958703612518,11167.294034533827,4085.278692479999
2018-10-03,0.178191416,0.003325213,15395.7383424,12263.074847935568,9183.927179455568,12022.32877381759,3079.147668479999
2018-10-04,0.124462399,0.002322581,10753.5512736,11253.285371694987,9102.575116974987,11719.543154056637,2150.7102547199997
2018-10-05,0.096356693,0.001798103,8325.218275199999,10425.68270246089,8760.639047420891,10989.680952839171,1665.0436550399995
2018-10-06,0.136738117,0.002551657,11814.1733088,11220.171653127567,8857.336991367567,11158.168638662599,2362.8346617599996
2018-10-07,0.090363621,0.001686267,7807.4168544,10053.223871148906,8491.740500268907,10455.767875827705,1561.4833708799997
2018-10-08,0.094969839,0.001772223,8205.3940896,9862.979786186459,8221.90096826646,9999.709713825527,1641.0788179199997
2018-10-09,0.268313143,0.005006967,23182.255555199998,14303.698565931554,9667.247454891556,12758.574065537194,4636.451111039998
2018-10-10,0.388261648,0.007245315,33545.8063872,18780.124404013135,12070.963126573137,17028.60250736816,6709.161277439998
2018-10-11,0.245147846,0.004574681,21180.7738944,16989.4297439057,12753.274965025701,17751.11935993517,4236.154778879999
2018-10-12,0.15302246,0.002855538,13221.140544,15092.812319650102,12448.584210850102,16679.250827916585,2644.2281087999995
2018-10-13,0.136525772,0.002547695,11795.826700799998,14386.080351980687,12026.915011820687,15583.868705697912,2359.1653401599992
2018-10-14,0.124832863,0.002329494,10785.5593632,13708.24143148419,11551.12955884419,14547.223706968336,2157.1118726399995
2018-10-15,0.190301889,0.003551206,16442.0832096,15063.901382001202,11775.484740081203,14933.07527580733,3288.4166419199996
2018-10-16,0.12357731,0.002306065,10677.079584,13458.165706677835,11322.749789877837,14033.41052498245,2135.415916799999
2018-10-17,0.120237525,0.002243741,10388.52216,12978.783733214936,10901.079301214937,13284.819247974932,2077.7044319999995
2018-10-18,0.117771902,0.002197731,10175.4923328,12549.681806878447,10514.583340318448,12663.497606504188,2035.0984665599997
2018-10-19,0.115910355,0.002162992,10014.654672,12167.113930337862,10164.182995937863,12147.82980696849,2002.9309343999996
2018-10-20,0.143167009,0.002671626,12369.6295776,12600.521804717762,10126.595889197763,12234.177426592678,2473.9259155199998
2018-10-21,0.113855368,0.002124644,9837.1037952,11778.048848812476,9810.628089772476,11766.796040432037,1967.4207590399997
2018-10-22,0.110181829,0.002056093,9519.7100256,11407.289685191528,9503.347680071529,11335.807820536178,1903.9420051199995
2018-10-23,0.106445686,0.001986373,9196.9072704,11042.314073226315,9202.932619146315,10930.68338079481,1839.3814540799995
2018-10-24,0.103947047,0.001939746,8981.0248608,10716.60180903543,8920.39683687543,10567.014574760984,1796.2049721599997
2018-10-25,0.100533316,0.001876043,8686.0785024,10381.59777246167,8644.38207198167,10218.381997856384,1737.2157004799997
2018-10-26,0.097629235,0.00182185,8435.165904,10065.940343952236,8378.907163152237,9890.312807771581,1687.0331807999996
2018-10-27,0.094929336,0.001771468,8201.8946304,9764.851284995724,8124.472358915724,9581.666166840088,1640.3789260799997
2018-10-28,0.093829847,0.00175095,8106.898780799999,9516.398648277122,7895.018892117123,9316.728784833962,1621.3797561599995
2018-10-29,0.095000151,0.001772789,8208.013046400001,9350.616317697526,7709.013708417527,9126.261721558692,1641.6026092799998
2018-10-30,0.09140535,0.001705707,7897.42224,9093.747528119071,7514.263080119072,8907.80082197476,1579.4844479999997
2018-10-31,0.090365985,0.001686311,7807.621104,8898.244033350402,7336.719812550403,8714.26590852362,1561.5242207999995
2018-11-01,0.089416012,0.001668584,7725.543436800001,8719.948591074946,7174.839903714947,8541.836157639877,1545.1086873599997
2018-11-02,0.088489559,0.001651295,7645.497897599999,8555.757661246053,7026.658081726053,8386.438720011545,1529.0995795199995
2018-11-03,0.087610655,0.001634894,7569.560592,8404.628854988405,6890.716736588405,8245.395011782095,1513.9121183999996
2018-11-04,0.098432677,0.001836843,8504.5832928,8579.446380819627,6878.529722259627,8325.828354709169,1700.9166585599996
2018-11-05,0.270936073,0.005055913,23408.8767072,13219.10509378968,8537.32975234968,11479.155873998518,4681.7753414399995
2018-11-06,0.175555236,0.00327602,15167.9723904,12074.510972825525,9040.916494745525,12187.211049745612,3033.5944780799996
2018-11-07,0.185019003,0.003452622,15985.641859199999,12762.70844555155,9565.580073711551,12912.363667959753,3197.128371839999
2018-11-08,0.113933898,0.00212611,9843.888787200001,11297.692164998334,9328.914407558334,12205.840056015848,1968.7777574399997
2018-11-09,0.11194231,0.002088945,9671.815584,11040.472852708166,9106.109735908167,11640.022217065769,1934.3631167999995
2018-11-10,0.107394577,0.00200408,9278.8914528,10726.268506154622,8870.490215594622,11130.88019367359,1855.7782905599997
2018-11-11,0.102260406,0.001908272,8835.2990784,10385.234897872175,8618.175082192176,10650.860742441564,1767.0598156799995
2018-11-12,0.098511584,0.001838316,8511.4008576,10067.187638256471,8364.907466736471,10215.169586654856,1702.2801715199996
2018-11-13,0.097461402,0.001818718,8420.6651328,9821.067942826965,8136.934916266966,9859.750634628328,1684.1330265599997
2018-11-14,0.096466079,0.001800145,8334.6692256,9598.18082637679,7931.246981256791,9565.396558181961,1666.9338451199997
2018-11-15,0.095519859,0.001782487,8252.9158176,9395.782138972041,7745.198975452041,9317.902914563078,1650.5831635199997
2018-11-16,0.09611368,0.001793568,8304.221952,9251.788367912755,7590.943977512755,9133.566718716254,1660.8443903999996
2018-11-17,0.094443913,0.001762409,8159.9540832,9074.11749461937,7442.12667797937,8956.942338970737,1631.9908166399996
2018-11-18,0.093017098,0.001735783,8036.677267200001,8907.672250428657,7300.336796988658,8790.722592113938,1607.3354534399998
2018-11-19,0.092056956,0.001717866,7953.720998399999,8759.850596911045,7169.106397231045,8641.005753717694,1590.7441996799994
2018-11-20,0.091219057,0.00170223,7881.326524800001,8624.405377356297,7048.140072396298,8506.318849139152,1576.2653049599999
2018-11-21,0.088302637,0.001647807,7629.347836800001,8441.756987342416,6915.887419982416,8346.069926491144,1525.8695673599998
2018-11-22,0.086508118,0.00161432,7474.301395199999,8279.645216487277,6784.784937447278,8186.535838964789,1494.8602790399996
2018-11-23,0.086029575,0.00160539,7432.95528,8153.997093564658,6667.406037564659,8051.242672878937,1486.5910559999998
2018-11-24,0.129071417,0.00240859,11151.770428799999,9213.321566091206,6982.967480331206,8715.853313952412,2230.354085759999
2018-11-25,0.092288346,0.001722184,7973.713094399999,8493.150518537637,6898.407899657637,8562.594982012188,1594.7426188799996
2018-11-26,0.0846396,0.001579452,7312.86144,8214.243562985568,6751.671274985568,8307.31471316226,1462.5722879999996
2018-11-27,0.083691061,0.001561751,7230.9076704,8062.480489652388,6616.298955572389,8093.235887210329,1446.1815340799997
2018-11-28,0.082721089,0.001543651,7147.1020896,7919.912953747454,6490.492535827454,7909.463564614919,1429.4204179199996
2018-11-29,0.081759958,0.001525715,7064.060371199999,7785.810416626011,6372.998342386011,7748.534425228472,1412.8120742399994
2018-11-30,0.080982163,0.001511201,6996.8588832,7663.798546010369,6264.42676937037,7608.093938055587,1399.3717766399996
2018-12-01,0.080351302,0.001499428,6942.3524928,7553.420999412117,6164.950500852117,7485.848526578296,1388.4704985599997
2018-12-02,0.165117306,0.003081239,14266.1352384,9752.891625113622,6899.664577433622,8910.438226493303,2853.2270476799995
2018-12-03,0.149900546,0.00279728,12951.4071744,9974.550575005715,7384.269140125715,9729.339588970777,2590.2814348799993
2018-12-04,0.096312056,0.00179727,8321.3616384,8946.736291688914,7282.463964008914,9400.770101406295,1664.2723276799995
2018-12-05,0.08741196,0.001631186,7552.393344,8619.265732375667,7108.787063575667,8995.246210111978,1510.4786687999997
2018-12-06,0.083792106,0.001563637,7239.637958400001,8372.323917695872,6924.396326015873,8622.60792535869,1447.9275916799998
2018-12-07,0.081289466,0.001516935,7023.409862400001,8146.284717442451,6741.602744962452,8292.734327509714,1404.6819724799998
2018-12-08,0.080301328,0.001498496,6938.0347392,7962.445199298108,6574.838251458108,8020.981541093294,1387.6069478399997
2018-12-09,0.078937339,0.001473042,6820.1860896,7782.2589562091725,6418.221738289173,7785.776465669135,1364.0372179199996
2018-12-10,0.075012062,0.001399793,6481.0421568,7541.755847850289,6245.547416490289,7531.825796746058,1296.2084313599998
2018-12-11,0.074052828,0.001381893,6398.1643392000005,7367.398052012048,6087.765184172048,7316.170128478425,1279.6328678399998
2018-12-12,0.073145633,0.001364964,6319.7826912,7207.250258042361,5943.293719802361,7130.365740558915,1263.9565382399996
2018-12-13,0.072209164,0.001347488,6238.8717696,7057.760591145231,5809.986237225231,6966.730754952667,1247.7743539199998
2018-12-14,0.071766978,0.001339237,6200.6668991999995,6931.196236564099,5691.062856724099,6828.938455765149,1240.1333798399996
2018-12-15,0.07200673,0.001343711,6221.381472,6835.385076046725,5591.108781646725,6723.292878735813,1244.2762943999996
2018-12-16,0.07329699,0.001367788,6332.859936000001,6784.205852248184,5517.633865048184,6661.362975975844,1266.5719872
2018-12-17,0.071592251,0.001335976,6185.5704864,6675.063115698238,5437.949018418239,6579.5378049709225,1237.1140972799997
2018-12-18,0.069221969,0.001291745,5980.778121599999,6542.638929778885,5346.483305458885,6470.880478485847,1196.1556243199996
2018-12-19,0.06866009,0.00128126,5932.231776,6448.83195680664,5262.38560160664,6374.301860774506,1186.4463551999997
2018-12-20,0.068087319,0.001270571,5882.744361599999,6361.0678582009095,5184.51898588091,6286.889728148739,1176.5488723199996
2018-12-21,0.075889334,0.001416164,6556.8384576,6504.419926628782,5193.052235108783,6356.971426643115,1311.3676915199997
2018-12-22,0.065430806,0.001220998,5653.221638399999,6229.830073374353,5099.185745694353,6220.465371607349,1130.6443276799996
2018-12-23,0.064862766,0.001210398,5604.142982400001,6133.792351805942,5012.963755325943,6103.508286416915,1120.82859648
2018-12-24,0.063967772,0.001193697,5526.8155008,6035.51526582991,4930.152165669911,5995.447781772319,1105.36310016
2018-12-25,0.063211237,0.001179579,5461.4508768000005,5943.903536037723,4851.613360677723,5896.58617760003,1092.29017536
2018-12-26,0.062579204,0.001167785,5406.8432256,5859.322576570041,4777.953931450042,5806.968482891876,1081.3686451199997
2018-12-27,0.106877654,0.001994434,9234.2293056,6990.119924394236,5143.274063274236,6530.970028223545,1846.8458611199997
2018-12-28,0.306845377,0.005726013,26511.4405728,12694.785153129442,7392.497038569443,10674.752961639542,5302.288114559999
2018-12-29,0.120359682,0.002246021,10399.076524799999,9602.05932890732,7522.244023947321,10513.876753755741,2079.815304959999
2018-12-30,0.100169136,0.001869247,8654.6133504,9169.369225919496,7438.446555839497,10047.33236774568,1730.9226700799998
2018-12-31,0.090316945,0.001685396,7803.384048,8831.719860997968,7271.043051397967,9527.002098581675,1560.6768095999996
